status,pair,source_domain,target_domain,seed,method,rho,lambda,run_runtime_seconds,failure_stage,failure_message,run_record_path,heldout_cross_entropy,heldout_top1_accuracy,heldout_macro_accuracy,heldout_num_examples,transductive_full_cross_entropy,transductive_full_top1_accuracy,transductive_full_macro_accuracy,transductive_full_num_examples,transductive_unqueried_cross_entropy,transductive_unqueried_top1_accuracy,transductive_unqueried_macro_accuracy,transductive_unqueried_num_examples,effective_sample_size,squared_l2_norm,max_weight,source_total_mass,query_total_mass,solver_runtime_seconds,classifier_status,classifier_fit_seconds,classifier_iterations,classifier_closure_evaluations
complete,art_to_clipart,art,clipart,0,random_regularized_wasserstein,1e-05,10.0,1.7220088932663202,,,/home/bgg7950/astro-active-learning/results/domain_adaptation/officehome_frozen/campaigns/round1_150q/runs/art_to_clipart/seed_0/random_regularized_wasserstein/lambda_10/run_record.json,2.1886256843381116,0.46048109965635736,0.4501092621490335,873,2.176926288523997,0.46987399770904925,0.4619387951524168,4365,2.251617237420337,0.45100830367734285,0.4449033909570962,4215,465.618359383611,0.0021476816363594584,0.007153773921759445,0.584410481990947,0.415589518009053,0.03991306573152542,converged_objective,0.8504066988825798,100,203
complete,art_to_clipart,art,clipart,0,random_regularized_wasserstein,1e-05,100.0,2.3664363604038954,,,/home/bgg7950/astro-active-learning/results/domain_adaptation/officehome_frozen/campaigns/round1_150q/runs/art_to_clipart/seed_0/random_regularized_wasserstein/lambda_100/run_record.json,2.1741751209235427,0.4639175257731959,0.45357028988846093,873,2.1525698679875753,0.4735395189003436,0.46644344960112927,4365,2.223956849887411,0.45480427046263344,0.4494363789672655,4215,1523.3535199090204,0.0006564464432784606,0.00221295134186426,0.8243040328553557,0.17569596714464433,0.5472993813455105,converged_objective,0.9904486648738384,112,227
complete,art_to_clipart,art,clipart,0,random_regularized_wasserstein,1e-05,1000.0,2.37724544480443,,,/home/bgg7950/astro-active-learning/results/domain_adaptation/officehome_frozen/campaigns/round1_150q/runs/art_to_clipart/seed_0/random_regularized_wasserstein/lambda_1000/run_record.json,2.1640148375901904,0.4753722794959908,0.4640435550134288,873,2.146915734613017,0.47720504009163806,0.47167531912793575,4365,2.2131012766806677,0.4586002372479241,0.4546441565591871,4215,2533.7343643137992,0.0003946743644813081,0.0007072854391500233,0.92274110968163,0.07725889031837002,0.571336392313242,converged_objective,0.9277588445693254,107,220
complete,art_to_clipart,art,clipart,0,random_regularized_wasserstein,1e-05,10000.0,2.1987227741628885,,,/home/bgg7950/astro-active-learning/results/domain_adaptation/officehome_frozen/campaigns/round1_150q/runs/art_to_clipart/seed_0/random_regularized_wasserstein/lambda_10000/run_record.json,2.1656251416506835,0.47193585337915234,0.46052419855289584,873,2.1497702455344747,0.4753722794959908,0.4699508085139081,4365,2.2138169715426823,0.45670225385527874,0.45281978988513666,4215,2576.440819436423,0.00038813233840113683,0.00042298219915233115,0.9395213231752289,0.06047867682477124,0.4244440793991089,converged_objective,0.9489365164190531,108,221
complete,art_to_clipart,art,clipart,0,random_uniform,1e-05,,1.8460248298943043,,,/home/bgg7950/astro-active-learning/results/domain_adaptation/officehome_frozen/campaigns/round1_150q/runs/art_to_clipart/seed_0/random_uniform/run_record.json,2.1665368451752394,0.47079037800687284,0.45938481162403527,873,2.150788157360049,0.474914089347079,0.46923797843340853,4365,2.21445918132251,0.45622775800711746,0.4520608544931002,4215,2576.9999999999995,0.00038804811796662794,0.00038804811796662784,0.941792782305006,0.058207217694994186,2.0118430256843567e-05,converged_objective,0.9216963350772858,104,212
complete,art_to_clipart,art,clipart,0,source_only_uniform,1e-05,,6.601759362965822,,,/home/bgg7950/astro-active-learning/results/domain_adaptation/officehome_frozen/campaigns/round1_150q/runs/art_to_clipart/seed_0/source_only_uniform/run_record.json,2.5557071436834544,0.38602520045819017,0.391527407986684,873,2.612389122750082,0.3835051546391753,0.39231014972480077,4365,2.612389122750082,0.3835051546391753,0.39231014972480077,4365,2427.000000000008,0.0004120313143798915,0.00041203131437989276,1.0000000000000002,0.0,2.1962448954582214e-05,converged_objective,0.7896231636404991,99,204
complete,art_to_clipart,art,clipart,0,wasserstein_hard_voronoi,1e-05,,1.4488189276307821,,,/home/bgg7950/astro-active-learning/results/domain_adaptation/officehome_frozen/campaigns/round1_150q/runs/art_to_clipart/seed_0/wasserstein_hard_voronoi/run_record.json,2.18271149663146,0.49713631156930127,0.4871203857004048,873,2.2076627727332396,0.49140893470790376,0.48589151694258836,4365,2.284522099804927,0.47330960854092524,0.4702639909316926,4215,217.4094993581515,0.004599615025802718,0.01288659793814433,0.29553264604810997,0.7044673539518899,0.012320708483457565,converged_objective,0.6043137107044458,84,177
complete,art_to_clipart,art,clipart,0,wasserstein_uniform,1e-05,,1.9973014388233423,,,/home/bgg7950/astro-active-learning/results/domain_adaptation/officehome_frozen/campaigns/round1_150q/runs/art_to_clipart/seed_0/wasserstein_uniform/run_record.json,2.082370957956354,0.49140893470790376,0.49033445768858963,873,2.078566003668701,0.5003436426116838,0.49981932352175223,4365,2.140719439347757,0.4825622775800712,0.4838428569752051,4215,2576.9999999999995,0.00038804811796662794,0.00038804811796662784,0.941792782305006,0.058207217694994186,2.228468656539917e-05,converged_objective,0.9691785275936127,107,219
complete,art_to_clipart,art,clipart,1,random_regularized_wasserstein,1e-05,10.0,1.757931362837553,,,/home/bgg7950/astro-active-learning/results/domain_adaptation/officehome_frozen/campaigns/round1_150q/runs/art_to_clipart/seed_1/random_regularized_wasserstein/lambda_10/run_record.json,2.2730858291605345,0.4444444444444444,0.4440588902907312,873,2.2604037370601784,0.4575028636884307,0.4579985883114642,4365,2.337577740357836,0.43819691577698694,0.44039580194591493,4215,488.0587082568673,0.0020489338333323946,0.008269412163950524,0.6251388577990997,0.3748611422009005,0.03650655224919319,converged_objective,0.8881451971828938,105,220
complete,art_to_clipart,art,clipart,1,random_uniform,1e-05,,1.8258092291653156,,,/home/bgg7950/astro-active-learning/results/domain_adaptation/officehome_frozen/campaigns/round1_150q/runs/art_to_clipart/seed_1/random_uniform/run_record.json,2.206486295531586,0.4627720504009164,0.4706203702095581,873,2.2176758518900215,0.4620847651775487,0.4701726275846211,4365,2.285209260713224,0.4429418742586002,0.45283210640995236,4215,2576.9999999999995,0.00038804811796662794,0.00038804811796662784,0.941792782305006,0.058207217694994186,2.0567327737808228e-05,converged_objective,0.9177314229309559,106,217
complete,art_to_clipart,art,clipart,1,source_only_uniform,1e-05,,6.032216113060713,,,/home/bgg7950/astro-active-learning/results/domain_adaptation/officehome_frozen/campaigns/round1_150q/runs/art_to_clipart/seed_1/source_only_uniform/run_record.json,2.5494259428103985,0.38602520045819017,0.3976564244413733,873,2.612389122750082,0.3835051546391753,0.39231014972480077,4365,2.612389122750082,0.3835051546391753,0.39231014972480077,4365,2427.000000000008,0.0004120313143798915,0.00041203131437989276,1.0000000000000002,0.0,1.8795952200889587e-05,converged_objective,0.8816865831613541,99,204
complete,art_to_clipart,art,clipart,1,wasserstein_hard_voronoi,1e-05,,1.5495788305997849,,,/home/bgg7950/astro-active-learning/results/domain_adaptation/officehome_frozen/campaigns/round1_150q/runs/art_to_clipart/seed_1/wasserstein_hard_voronoi/run_record.json,2.2826269119403593,0.4627720504009164,0.4538418511709771,873,2.2323607331057977,0.4939289805269187,0.482661555806726,4365,2.309966656809137,0.4759193357058126,0.46745212779671824,4215,209.18932272009877,0.004780358705678436,0.013172966781214206,0.2969644902634594,0.7030355097365408,0.012463387101888657,converged_objective,0.68263104185462,86,177
complete,art_to_clipart,art,clipart,1,wasserstein_uniform,1e-05,,1.8897659610956907,,,/home/bgg7950/astro-active-learning/results/domain_adaptation/officehome_frozen/campaigns/round1_150q/runs/art_to_clipart/seed_1/wasserstein_uniform/run_record.json,2.073657335079504,0.4845360824742268,0.49102394258383786,873,2.0629148839460805,0.5088201603665521,0.506428437767992,4365,2.1238395617233166,0.49134045077105576,0.49106992740977096,4215,2576.9999999999995,0.00038804811796662794,0.00038804811796662784,0.941792782305006,0.058207217694994186,2.1491199731826782e-05,converged_objective,0.8977326638996601,104,214
complete,art_to_clipart,art,clipart,2,random_regularized_wasserstein,1e-05,10.0,1.6630536001175642,,,/home/bgg7950/astro-active-learning/results/domain_adaptation/officehome_frozen/campaigns/round1_150q/runs/art_to_clipart/seed_2/random_regularized_wasserstein/lambda_10/run_record.json,2.2340973797581882,0.42955326460481097,0.41878021352836786,873,2.2228056953952025,0.45040091638029783,0.4392055688360766,4365,2.2989190759796054,0.43084223013048634,0.42127994934731033,4215,467.4887549980904,0.002139088885686854,0.00620509002533572,0.5933562835370935,0.40664371646290653,0.04012652300298214,converged_objective,0.7960997987538576,101,208
complete,art_to_clipart,art,clipart,2,random_uniform,1e-05,,1.9064101558178663,,,/home/bgg7950/astro-active-learning/results/domain_adaptation/officehome_frozen/campaigns/round1_150q/runs/art_to_clipart/seed_2/random_uniform/run_record.json,2.1841537491279674,0.44215349369988544,0.4406229814481779,873,2.1709419070495883,0.4586483390607102,0.4548766254866213,4365,2.2360764653907763,0.43938315539739026,0.4371095635662335,4215,2576.9999999999995,0.00038804811796662794,0.00038804811796662784,0.941792782305006,0.058207217694994186,2.220459282398224e-05,converged_objective,0.9888861197978258,111,227
complete,art_to_clipart,art,clipart,2,source_only_uniform,1e-05,,5.985719095915556,,,/home/bgg7950/astro-active-learning/results/domain_adaptation/officehome_frozen/campaigns/round1_150q/runs/art_to_clipart/seed_2/source_only_uniform/run_record.json,2.588046726785756,0.3848797250859107,0.3973738911587209,873,2.612389122750082,0.3835051546391753,0.39231014972480077,4365,2.612389122750082,0.3835051546391753,0.39231014972480077,4365,2427.000000000008,0.0004120313143798915,0.00041203131437989276,1.0000000000000002,0.0,1.9107013940811157e-05,converged_objective,0.8714497033506632,99,204
complete,art_to_clipart,art,clipart,2,wasserstein_hard_voronoi,1e-05,,1.4689747858792543,,,/home/bgg7950/astro-active-learning/results/domain_adaptation/officehome_frozen/campaigns/round1_150q/runs/art_to_clipart/seed_2/wasserstein_hard_voronoi/run_record.json,2.277205864409306,0.47079037800687284,0.46710849627734596,873,2.2425643664519965,0.47674684994272626,0.4691274621909183,4365,2.3205187721064724,0.45812574139976275,0.45249097200735694,4215,209.9745841512553,0.004762481154765138,0.014032073310423826,0.2900916380297824,0.7099083619702176,0.012479288503527641,converged_objective,0.6003054138273001,84,174
complete,art_to_clipart,art,clipart,2,wasserstein_uniform,1e-05,,1.8390802145004272,,,/home/bgg7950/astro-active-learning/results/domain_adaptation/officehome_frozen/campaigns/round1_150q/runs/art_to_clipart/seed_2/wasserstein_uniform/run_record.json,2.1198711992389474,0.48911798396334477,0.5000735038690504,873,2.0838711531579217,0.5012600229095074,0.5059005862229318,4365,2.1453259775209674,0.4835112692763938,0.489859785098909,4215,2576.9999999999995,0.00038804811796662794,0.00038804811796662784,0.941792782305006,0.058207217694994186,2.2003427147865295e-05,converged_objective,0.8485940378159285,104,217
complete,art_to_clipart,art,clipart,3,random_regularized_wasserstein,1e-05,10.0,1.8364422358572483,,,/home/bgg7950/astro-active-learning/results/domain_adaptation/officehome_frozen/campaigns/round1_150q/runs/art_to_clipart/seed_3/random_regularized_wasserstein/lambda_10/run_record.json,2.172212748350745,0.4444444444444444,0.43267968860014583,873,2.178343290101698,0.45933562428407787,0.4593263007415393,4365,2.253080541281321,0.4400948991696323,0.4424150981688729,4215,479.1497145115744,0.0020870303575561116,0.005420579455366142,0.5867074444221774,0.41329255557782263,0.04003655165433884,converged_objective,0.8824750743806362,99,204
complete,art_to_clipart,art,clipart,3,random_uniform,1e-05,,1.7939620651304722,,,/home/bgg7950/astro-active-learning/results/domain_adaptation/officehome_frozen/campaigns/round1_150q/runs/art_to_clipart/seed_3/random_uniform/run_record.json,2.1474266819318957,0.4639175257731959,0.4562847982638409,873,2.1569389655878983,0.4751431844215349,0.4779623528315045,4365,2.22161540886379,0.4564650059311981,0.4615278088433496,4215,2576.9999999999995,0.00038804811796662794,0.00038804811796662784,0.941792782305006,0.058207217694994186,2.0388513803482056e-05,converged_objective,0.8827066887170076,107,220
complete,art_to_clipart,art,clipart,3,source_only_uniform,1e-05,,6.0394799038767815,,,/home/bgg7950/astro-active-learning/results/domain_adaptation/officehome_frozen/campaigns/round1_150q/runs/art_to_clipart/seed_3/source_only_uniform/run_record.json,2.5640994515358475,0.38144329896907214,0.38147701435924825,873,2.612389122750082,0.3835051546391753,0.39231014972480077,4365,2.612389122750082,0.3835051546391753,0.39231014972480077,4365,2427.000000000008,0.0004120313143798915,0.00041203131437989276,1.0000000000000002,0.0,1.5640631318092346e-05,converged_objective,0.7673337962478399,99,204
complete,art_to_clipart,art,clipart,3,wasserstein_hard_voronoi,1e-05,,1.5163847599178553,,,/home/bgg7950/astro-active-learning/results/domain_adaptation/officehome_frozen/campaigns/round1_150q/runs/art_to_clipart/seed_3/wasserstein_hard_voronoi/run_record.json,2.2602865884177357,0.46735395189003437,0.44621107696780477,873,2.2337903179896785,0.4856815578465063,0.469399288019905,4365,2.311433956615264,0.46737841043890865,0.45345502658118797,4215,216.41401341710153,0.0046207728612872616,0.015177548682703322,0.30498281786941583,0.695017182130584,0.012601522728800774,converged_objective,0.6684478633105755,85,177
complete,art_to_clipart,art,clipart,3,wasserstein_uniform,1e-05,,1.9536951314657927,,,/home/bgg7950/astro-active-learning/results/domain_adaptation/officehome_frozen/campaigns/round1_150q/runs/art_to_clipart/seed_3/wasserstein_uniform/run_record.json,2.102019252848737,0.4845360824742268,0.4729411442861074,873,2.083274481633698,0.5005727376861397,0.4941840562657481,4365,2.145139878160104,0.48279952550415184,0.4783469414613973,4215,2576.9999999999995,0.00038804811796662794,0.00038804811796662784,0.941792782305006,0.058207217694994186,2.0449981093406677e-05,converged_objective,0.9664199482649565,109,224
complete,art_to_clipart,art,clipart,4,random_regularized_wasserstein,1e-05,10.0,1.760895125567913,,,/home/bgg7950/astro-active-learning/results/domain_adaptation/officehome_frozen/campaigns/round1_150q/runs/art_to_clipart/seed_4/random_regularized_wasserstein/lambda_10/run_record.json,2.3088330372157224,0.4306987399770905,0.4132321624420934,873,2.200077645840132,0.461397479954181,0.44738713036369643,4365,2.275339806562584,0.44223013048635823,0.4306567853660706,4215,468.7489468313279,0.0021333381264317477,0.005934857714480999,0.5988930090217333,0.4011069909782668,0.04075860604643822,converged_objective,0.8547373600304127,99,205
complete,art_to_clipart,art,clipart,4,random_uniform,1e-05,,1.875279102474451,,,/home/bgg7950/astro-active-learning/results/domain_adaptation/officehome_frozen/campaigns/round1_150q/runs/art_to_clipart/seed_4/random_uniform/run_record.json,2.255980052999533,0.45933562428407787,0.4564426359806212,873,2.1403673847198457,0.47010309278350515,0.46615601126561773,4365,2.2047074092786967,0.4512455516014235,0.449477379696793,4215,2576.9999999999995,0.00038804811796662794,0.00038804811796662784,0.941792782305006,0.058207217694994186,2.172030508518219e-05,converged_objective,0.9558475483208895,107,218
complete,art_to_clipart,art,clipart,4,source_only_uniform,1e-05,,6.14528426900506,,,/home/bgg7950/astro-active-learning/results/domain_adaptation/officehome_frozen/campaigns/round1_150q/runs/art_to_clipart/seed_4/source_only_uniform/run_record.json,2.663114673175038,0.36769759450171824,0.37500427769420386,873,2.612389122750082,0.3835051546391753,0.39231014972480077,4365,2.612389122750082,0.3835051546391753,0.39231014972480077,4365,2427.000000000008,0.0004120313143798915,0.00041203131437989276,1.0000000000000002,0.0,1.699104905128479e-05,converged_objective,0.8615814130753279,99,204
complete,art_to_clipart,art,clipart,4,wasserstein_hard_voronoi,1e-05,,1.6115392427891493,,,/home/bgg7950/astro-active-learning/results/domain_adaptation/officehome_frozen/campaigns/round1_150q/runs/art_to_clipart/seed_4/wasserstein_hard_voronoi/run_record.json,2.346896943047753,0.44673539518900346,0.4425903067454628,873,2.246984154391894,0.48018327605956473,0.4786210084934956,4365,2.325096074412772,0.4616844602609727,0.4626216414896751,4215,212.5067791293437,0.004705732231682563,0.015463917525773195,0.30698739977090495,0.693012600229095,0.012602370232343674,converged_objective,0.7352153323590755,87,179
complete,art_to_clipart,art,clipart,4,wasserstein_uniform,1e-05,,1.8836027029901743,,,/home/bgg7950/astro-active-learning/results/domain_adaptation/officehome_frozen/campaigns/round1_150q/runs/art_to_clipart/seed_4/wasserstein_uniform/run_record.json,2.2110043870202345,0.47995418098510884,0.4876804601685526,873,2.083901113714731,0.5092783505154639,0.5131724260811541,4365,2.1453968185480012,0.4918149466192171,0.49702945625375256,4215,2576.9999999999995,0.00038804811796662794,0.00038804811796662784,0.941792782305006,0.058207217694994186,2.1502375602722168e-05,converged_objective,0.8929108157753944,102,208
complete,art_to_product,art,product,0,random_regularized_wasserstein,1e-05,10.0,1.619393479079008,,,/home/bgg7950/astro-active-learning/results/domain_adaptation/officehome_frozen/campaigns/round1_150q/runs/art_to_product/seed_0/random_regularized_wasserstein/lambda_10/run_record.json,0.9052751547306613,0.7668918918918919,0.736611925689087,888,0.902698341246558,0.7726965532777652,0.7563939430959898,4439,0.9320414360724141,0.7647470272790861,0.748460961391749,4289,482.5769590102635,0.0020722083417553548,0.00831265825816191,0.6197337734440365,0.3802662265559636,0.039865707978606224,converged_objective,0.7373026870191097,91,192
complete,art_to_product,art,product,0,random_regularized_wasserstein,1e-05,100.0,2.1181400306522846,,,/home/bgg7950/astro-active-learning/results/domain_adaptation/officehome_frozen/campaigns/round1_150q/runs/art_to_product/seed_0/random_regularized_wasserstein/lambda_100/run_record.json,0.9117565793101379,0.7702702702702703,0.7441979018044748,888,0.9393980266475299,0.7672899301644515,0.7550103904170297,4439,0.9688506511603262,0.7591513173233854,0.7469504427616982,4289,1517.938454598169,0.0006587882380677427,0.0023357690934776693,0.8282756477219689,0.17172435227803112,0.4471490979194641,converged_objective,0.8348869904875755,100,204
complete,art_to_product,art,product,0,random_regularized_wasserstein,1e-05,1000.0,2.292000576853752,,,/home/bgg7950/astro-active-learning/results/domain_adaptation/officehome_frozen/campaigns/round1_150q/runs/art_to_product/seed_0/random_regularized_wasserstein/lambda_1000/run_record.json,0.9441248254924328,0.7545045045045045,0.7298879034357719,888,0.9755593804079791,0.7533228204550575,0.7417138831688717,4439,1.0038665703770953,0.7446957332711588,0.7330835990682685,4289,2530.6823828905594,0.0003951503384070641,0.0007490680746443493,0.9238832166999855,0.0761167833000144,0.5600672569125891,converged_objective,0.8934368286281824,104,216
complete,art_to_product,art,product,0,random_regularized_wasserstein,1e-05,10000.0,2.189988262951374,,,/home/bgg7950/astro-active-learning/results/domain_adaptation/officehome_frozen/campaigns/round1_150q/runs/art_to_product/seed_0/random_regularized_wasserstein/lambda_10000/run_record.json,0.9558847948962803,0.7545045045045045,0.7298879034357719,888,0.988121549034273,0.7512953367875648,0.7397318513074952,4439,1.0158600132052567,0.7425973420377711,0.7309933241784345,4289,2576.423949652644,0.0003881348797952375,0.0004265592887903187,0.939723205433576,0.060276794566424055,0.4014887139201164,converged_objective,0.9502145405858755,109,223
complete,art_to_product,art,product,0,random_uniform,1e-05,,1.8616319596767426,,,/home/bgg7950/astro-active-learning/results/domain_adaptation/officehome_frozen/campaigns/round1_150q/runs/art_to_product/seed_0/random_uniform/run_record.json,0.9580187558102083,0.7533783783783784,0.7284893020371705,888,0.9903508379782355,0.7512953367875648,0.7396173824430262,4439,1.017994915737078,0.7425973420377711,0.7308703672133723,4289,2576.9999999999995,0.00038804811796662794,0.00038804811796662784,0.941792782305006,0.058207217694994186,2.132914960384369e-05,converged_objective,0.9424702133983374,108,222
complete,art_to_product,art,product,0,source_only_uniform,1e-05,,1.6450161933898926,,,/home/bgg7950/astro-active-learning/results/domain_adaptation/officehome_frozen/campaigns/round1_150q/runs/art_to_product/seed_0/source_only_uniform/run_record.json,1.2149101378352138,0.6813063063063063,0.6664844738231259,888,1.2875839444162633,0.668168506420365,0.6616806600728523,4439,1.2875839444162633,0.668168506420365,0.6616806600728523,4439,2427.000000000008,0.0004120313143798915,0.00041203131437989276,1.0000000000000002,0.0,1.7823651432991028e-05,converged_objective,0.8254642430692911,99,204
complete,art_to_product,art,product,0,wasserstein_hard_voronoi,1e-05,,1.4014425575733185,,,/home/bgg7950/astro-active-learning/results/domain_adaptation/officehome_frozen/campaigns/round1_150q/runs/art_to_product/seed_0/wasserstein_hard_voronoi/run_record.json,0.8917449477170268,0.7702702702702703,0.7385924889854397,888,0.8237143392560651,0.7940977697679658,0.7733741273725142,4439,0.8513350495758315,0.786896712520401,0.7665238731311484,4289,197.73252732433238,0.005057336865773945,0.020275978597578147,0.26865671641791045,0.7313432835820894,0.012539943680167198,converged_objective,0.5378011632710695,73,153
complete,art_to_product,art,product,0,wasserstein_uniform,1e-05,,1.92882982455194,,,/home/bgg7950/astro-active-learning/results/domain_adaptation/officehome_frozen/campaigns/round1_150q/runs/art_to_product/seed_0/wasserstein_uniform/run_record.json,0.9192151593856406,0.7567567567567568,0.736201978937154,888,0.9209540072354963,0.7603063753097544,0.7491669368875511,4439,0.9472691042418748,0.7521566798787597,0.7414712892542866,4289,2576.9999999999995,0.00038804811796662794,0.00038804811796662784,0.941792782305006,0.058207217694994186,2.1900981664657593e-05,converged_objective,0.9357036631554365,106,218
complete,art_to_product,art,product,1,random_regularized_wasserstein,1e-05,10.0,1.6920392271131277,,,/home/bgg7950/astro-active-learning/results/domain_adaptation/officehome_frozen/campaigns/round1_150q/runs/art_to_product/seed_1/random_regularized_wasserstein/lambda_10/run_record.json,0.9131104517688997,0.7567567567567568,0.7428317971488965,888,0.9124316381760258,0.7571525118269881,0.7457882095861027,4439,0.9423242241803172,0.7486593611564467,0.7390905441995492,4289,453.29276375915,0.0022060797787880294,0.0075458481573028036,0.5900167680384298,0.40998323196157027,0.04204348102211952,converged_objective,0.757221894338727,91,188
complete,art_to_product,art,product,1,random_uniform,1e-05,,1.9391119424253702,,,/home/bgg7950/astro-active-learning/results/domain_adaptation/officehome_frozen/campaigns/round1_150q/runs/art_to_product/seed_1/random_uniform/run_record.json,0.9949422104631741,0.7545045045045045,0.7375943539934967,888,0.9942613018964331,0.7485920252309078,0.7365199524816664,4439,1.0228416023676583,0.7397994870599207,0.7290683425420568,4289,2576.9999999999995,0.00038804811796662794,0.00038804811796662784,0.941792782305006,0.058207217694994186,2.0699575543403625e-05,converged_objective,0.9719876032322645,110,224
complete,art_to_product,art,product,1,source_only_uniform,1e-05,,1.6488466914743185,,,/home/bgg7950/astro-active-learning/results/domain_adaptation/officehome_frozen/campaigns/round1_150q/runs/art_to_product/seed_1/source_only_uniform/run_record.json,1.2480619720933663,0.6891891891891891,0.6731301226359573,888,1.2875839444162633,0.668168506420365,0.6616806600728523,4439,1.2875839444162633,0.668168506420365,0.6616806600728523,4439,2427.000000000008,0.0004120313143798915,0.00041203131437989276,1.0000000000000002,0.0,1.7292797565460205e-05,converged_objective,0.826576478779316,99,204
complete,art_to_product,art,product,1,wasserstein_hard_voronoi,1e-05,,1.4656263012439013,,,/home/bgg7950/astro-active-learning/results/domain_adaptation/officehome_frozen/campaigns/round1_150q/runs/art_to_product/seed_1/wasserstein_hard_voronoi/run_record.json,0.847954013825578,0.7826576576576577,0.7514076084271369,888,0.816613966916882,0.7986032890290606,0.7780687082779698,4439,0.843947185734773,0.7915598041501516,0.7713529137052585,4289,204.95751182484597,0.004879060011494417,0.017741481272880878,0.2835820895522388,0.7164179104477612,0.012616509571671486,converged_objective,0.6084488481283188,80,167
complete,art_to_product,art,product,1,wasserstein_uniform,1e-05,,1.9043121449649334,,,/home/bgg7950/astro-active-learning/results/domain_adaptation/officehome_frozen/campaigns/round1_150q/runs/art_to_product/seed_1/wasserstein_uniform/run_record.json,0.9495547361343374,0.7623873873873874,0.7412511614500185,888,0.9183354197466368,0.7594052714575354,0.7473974142104075,4439,0.9442308626640336,0.7512240615528095,0.7395907053695977,4289,2576.9999999999995,0.00038804811796662794,0.00038804811796662784,0.941792782305006,0.058207217694994186,2.1979212760925293e-05,converged_objective,0.9172200672328472,105,215
complete,art_to_product,art,product,2,random_regularized_wasserstein,1e-05,10.0,1.5901869088411331,,,/home/bgg7950/astro-active-learning/results/domain_adaptation/officehome_frozen/campaigns/round1_150q/runs/art_to_product/seed_2/random_regularized_wasserstein/lambda_10/run_record.json,1.0161440716918777,0.7466216216216216,0.721117991783031,888,0.9359138545602322,0.7697679657580536,0.7470471739143848,4439,0.9665286589651615,0.7617160177197482,0.7390075384176336,4289,456.3894707456869,0.0021911110227107503,0.007195422791466016,0.5936115926343652,0.4063884073656347,0.03999960981309414,converged_objective,0.7002500034868717,89,184
complete,art_to_product,art,product,2,random_uniform,1e-05,,1.7672024592757225,,,/home/bgg7950/astro-active-learning/results/domain_adaptation/officehome_frozen/campaigns/round1_150q/runs/art_to_product/seed_2/random_uniform/run_record.json,1.032603073540742,0.7353603603603603,0.7162839558499239,888,0.9900310804415167,0.7494931290831268,0.7327597289201695,4439,1.0179492017145013,0.7407321053858709,0.724101662153533,4289,2576.9999999999995,0.00038804811796662794,0.00038804811796662784,0.941792782305006,0.058207217694994186,2.0537525415420532e-05,converged_objective,0.8496683035045862,105,214
complete,art_to_product,art,product,2,source_only_uniform,1e-05,,1.5944970026612282,,,/home/bgg7950/astro-active-learning/results/domain_adaptation/officehome_frozen/campaigns/round1_150q/runs/art_to_product/seed_2/source_only_uniform/run_record.json,1.2919105020550221,0.661036036036036,0.6554122642328167,888,1.2875839444162633,0.668168506420365,0.6616806600728523,4439,1.2875839444162633,0.668168506420365,0.6616806600728523,4439,2427.000000000008,0.0004120313143798915,0.00041203131437989276,1.0000000000000002,0.0,1.7112120985984802e-05,converged_objective,0.762397862970829,99,204
complete,art_to_product,art,product,2,wasserstein_hard_voronoi,1e-05,,1.3519890271127224,,,/home/bgg7950/astro-active-learning/results/domain_adaptation/officehome_frozen/campaigns/round1_150q/runs/art_to_product/seed_2/wasserstein_hard_voronoi/run_record.json,0.903962471113819,0.777027027027027,0.7550290031737995,888,0.8069628209704603,0.7988285649921153,0.779202405743956,4439,0.8338656649255316,0.7917929587316391,0.7725476871993804,4289,199.81936455114487,0.005004519968554121,0.014643762320473108,0.2734441002534498,0.7265558997465504,0.012578627094626427,converged_objective,0.49576769210398197,73,154
complete,art_to_product,art,product,2,wasserstein_uniform,1e-05,,1.8584463894367218,,,/home/bgg7950/astro-active-learning/results/domain_adaptation/officehome_frozen/campaigns/round1_150q/runs/art_to_product/seed_2/wasserstein_uniform/run_record.json,0.9678367283551395,0.7342342342342343,0.722416125590691,888,0.9193661800597257,0.752872268528948,0.743432577290817,4439,0.9450114570950867,0.7444625786896713,0.7355346576915386,4289,2576.9999999999995,0.00038804811796662794,0.00038804811796662784,0.941792782305006,0.058207217694994186,2.167932689189911e-05,converged_objective,0.8621424827724695,105,215
complete,art_to_product,art,product,3,random_regularized_wasserstein,1e-05,10.0,1.6366279888898134,,,/home/bgg7950/astro-active-learning/results/domain_adaptation/officehome_frozen/campaigns/round1_150q/runs/art_to_product/seed_3/random_regularized_wasserstein/lambda_10/run_record.json,0.8642464769444304,0.759009009009009,0.7353521829444668,888,0.8771394183144202,0.7747240369452579,0.75088080763516,4439,0.9051908422550456,0.7668454185124738,0.7425462148792923,4289,476.2098167306591,0.00209991471168179,0.007225369209161035,0.6154704916168203,0.38452950838317973,0.040417445823550224,converged_objective,0.7418929822742939,92,193
complete,art_to_product,art,product,3,random_uniform,1e-05,,1.8243690598756075,,,/home/bgg7950/astro-active-learning/results/domain_adaptation/officehome_frozen/campaigns/round1_150q/runs/art_to_product/seed_3/random_uniform/run_record.json,0.9602409225351825,0.7488738738738738,0.733169028981127,888,0.9612219635107249,0.7521964406397837,0.736033166460637,4439,0.9872186505496726,0.7435299603637211,0.7269990129216737,4289,2576.9999999999995,0.00038804811796662794,0.00038804811796662784,0.941792782305006,0.058207217694994186,2.1299347281455994e-05,converged_objective,0.8978250473737717,105,215
complete,art_to_product,art,product,3,source_only_uniform,1e-05,,1.6541021317243576,,,/home/bgg7950/astro-active-learning/results/domain_adaptation/officehome_frozen/campaigns/round1_150q/runs/art_to_product/seed_3/source_only_uniform/run_record.json,1.2595575591498092,0.6734234234234234,0.6690422067017685,888,1.2875839444162633,0.668168506420365,0.6616806600728523,4439,1.2875839444162633,0.668168506420365,0.6616806600728523,4439,2427.000000000008,0.0004120313143798915,0.00041203131437989276,1.0000000000000002,0.0,1.8116086721420288e-05,converged_objective,0.8259610272943974,99,204
complete,art_to_product,art,product,3,wasserstein_hard_voronoi,1e-05,,1.4113876149058342,,,/home/bgg7950/astro-active-learning/results/domain_adaptation/officehome_frozen/campaigns/round1_150q/runs/art_to_product/seed_3/wasserstein_hard_voronoi/run_record.json,0.8094122850545535,0.8051801801801802,0.7775200404897952,888,0.8234839447267529,0.8022077044379364,0.7782164460245111,4439,0.8511071045009034,0.795290277453952,0.7715757317005625,4289,207.15284782572982,0.004827353379381314,0.014925373134328358,0.2841453111799493,0.7158546888200507,0.012456143274903297,converged_objective,0.5581625327467918,75,159
complete,art_to_product,art,product,3,wasserstein_uniform,1e-05,,1.847715850919485,,,/home/bgg7950/astro-active-learning/results/domain_adaptation/officehome_frozen/campaigns/round1_150q/runs/art_to_product/seed_3/wasserstein_uniform/run_record.json,0.9354412465734638,0.7533783783783784,0.7360511468632448,888,0.9312797046417571,0.7571525118269881,0.7425598314382154,4439,0.9581843060780384,0.7488925157379343,0.7346813318103687,4289,2576.9999999999995,0.00038804811796662794,0.00038804811796662784,0.941792782305006,0.058207217694994186,2.2562220692634583e-05,converged_objective,0.8596303407102823,101,207
complete,art_to_product,art,product,4,random_regularized_wasserstein,1e-05,10.0,1.626889906823635,,,/home/bgg7950/astro-active-learning/results/domain_adaptation/officehome_frozen/campaigns/round1_150q/runs/art_to_product/seed_4/random_regularized_wasserstein/lambda_10/run_record.json,0.8760326921137072,0.7702702702702703,0.7510112634844713,888,0.8637303426964725,0.772020725388601,0.750023889159239,4439,0.8914113115426483,0.7640475635346234,0.7432634790129292,4289,473.5957072973771,0.0021115056251387993,0.006960378491585971,0.6077844899708648,0.3922155100291353,0.04037746042013168,converged_objective,0.7438527792692184,91,186
complete,art_to_product,art,product,4,random_uniform,1e-05,,1.7747674342244864,,,/home/bgg7950/astro-active-learning/results/domain_adaptation/officehome_frozen/campaigns/round1_150q/runs/art_to_product/seed_4/random_uniform/run_record.json,0.9770274857449992,0.7376126126126126,0.7250113509443112,888,0.9527987209558656,0.750168956972291,0.7337269835571285,4439,0.9790486815428453,0.7414315691303334,0.7256191263393361,4289,2576.9999999999995,0.00038804811796662794,0.00038804811796662784,0.941792782305006,0.058207217694994186,1.8494203686714172e-05,converged_objective,0.8469692673534155,99,204
complete,art_to_product,art,product,4,source_only_uniform,1e-05,,1.6988028399646282,,,/home/bgg7950/astro-active-learning/results/domain_adaptation/officehome_frozen/campaigns/round1_150q/runs/art_to_product/seed_4/source_only_uniform/run_record.json,1.2795802826972091,0.6756756756756757,0.6710731782308349,888,1.2875839444162633,0.668168506420365,0.6616806600728523,4439,1.2875839444162633,0.668168506420365,0.6616806600728523,4439,2427.000000000008,0.0004120313143798915,0.00041203131437989276,1.0000000000000002,0.0,1.5540048480033875e-05,converged_objective,0.8481120299547911,99,204
complete,art_to_product,art,product,4,wasserstein_hard_voronoi,1e-05,,1.4427794944494963,,,/home/bgg7950/astro-active-learning/results/domain_adaptation/officehome_frozen/campaigns/round1_150q/runs/art_to_product/seed_4/wasserstein_hard_voronoi/run_record.json,0.847815389124511,0.7849099099099099,0.7719870595388575,888,0.829738255273627,0.7895922505068709,0.7737149911141591,4439,0.8575085446968918,0.7822336208906505,0.7671234541774552,4289,194.99885564060926,0.00512823522330326,0.017459870459025625,0.28273725711067305,0.717262742889327,0.012546928599476814,converged_objective,0.5731639694422483,75,157
complete,art_to_product,art,product,4,wasserstein_uniform,1e-05,,1.963673634454608,,,/home/bgg7950/astro-active-learning/results/domain_adaptation/officehome_frozen/campaigns/round1_150q/runs/art_to_product/seed_4/wasserstein_uniform/run_record.json,0.9580708650710319,0.7319819819819819,0.7243952726377112,888,0.9330274348455985,0.7512953367875648,0.7417053173816431,4439,0.9592470304147288,0.7430636512007461,0.7340219596781823,4289,2576.9999999999995,0.00038804811796662794,0.00038804811796662784,0.941792782305006,0.058207217694994186,1.9725412130355835e-05,converged_objective,0.9575298521667719,106,218
complete,art_to_real_world,art,real_world,0,random_regularized_wasserstein,1e-05,10.0,1.7301227357238531,,,/home/bgg7950/astro-active-learning/results/domain_adaptation/officehome_frozen/campaigns/round1_150q/runs/art_to_real_world/seed_0/random_regularized_wasserstein/lambda_10/run_record.json,0.8237739603818836,0.7901376146788991,0.7707218473490204,872,0.7963608077785169,0.7860913472572871,0.7684554384892535,4357,0.8213002178755551,0.7784644639885905,0.7614861970845078,4207,955.5202959974367,0.0010465502451270617,0.0057217155477756665,0.81786839048011,0.18213160951989005,0.02703729271888733,converged_objective,0.8719360586255789,101,211
complete,art_to_real_world,art,real_world,0,random_regularized_wasserstein,1e-05,100.0,2.2305994257330894,,,/home/bgg7950/astro-active-learning/results/domain_adaptation/officehome_frozen/campaigns/round1_150q/runs/art_to_real_world/seed_0/random_regularized_wasserstein/lambda_100/run_record.json,0.8384339748289611,0.7786697247706422,0.7602326184571957,872,0.8092348173569158,0.7794353913243057,0.7612400170896947,4357,0.8342455839090271,0.7715711908723556,0.753883392882179,4207,1822.2258978682944,0.0005487793808494523,0.0015952693823780648,0.8857570333805826,0.11424296661941721,0.4977991469204426,converged_objective,0.883531617000699,102,209
complete,art_to_real_world,art,real_world,0,random_regularized_wasserstein,1e-05,1000.0,2.288008140400052,,,/home/bgg7950/astro-active-learning/results/domain_adaptation/officehome_frozen/campaigns/round1_150q/runs/art_to_real_world/seed_0/random_regularized_wasserstein/lambda_1000/run_record.json,0.8540331109825953,0.768348623853211,0.7490771010233979,872,0.8231830842010958,0.773927014000459,0.7558832241167013,4357,0.8474433739691882,0.7658664131209888,0.7482936763030632,4207,2546.3366548785025,0.0003927210481316794,0.0006581786681158599,0.9327070673637183,0.06729293263628178,0.5793130751699209,converged_objective,0.8799477573484182,101,208
complete,art_to_real_world,art,real_world,0,random_regularized_wasserstein,1e-05,10000.0,2.1380906775593758,,,/home/bgg7950/astro-active-learning/results/domain_adaptation/officehome_frozen/campaigns/round1_150q/runs/art_to_real_world/seed_0/random_regularized_wasserstein/lambda_10000/run_record.json,0.8569544067659949,0.7637614678899083,0.7447343284113944,872,0.8261574695978632,0.7734679825568052,0.7555249449389891,4357,0.8501695922553555,0.7653910149750416,0.7479121890123409,4207,2576.6403425918857,0.0003881022832212909,0.00042186082924173873,0.940780633075122,0.05921936692487799,0.39134227484464645,converged_objective,0.8672860097140074,102,211
complete,art_to_real_world,art,real_world,0,random_uniform,1e-05,,1.8011503852903843,,,/home/bgg7950/astro-active-learning/results/domain_adaptation/officehome_frozen/campaigns/round1_150q/runs/art_to_real_world/seed_0/random_uniform/run_record.json,0.8572626960665191,0.7637614678899083,0.7447343284113944,872,0.8265144246625709,0.7736974982786321,0.7557356930949428,4357,0.8504906237086023,0.7656287140480152,0.7481288737360678,4207,2576.9999999999995,0.00038804811796662794,0.00038804811796662784,0.941792782305006,0.058207217694994186,2.0541250705718994e-05,converged_objective,0.8891441058367491,104,214
complete,art_to_real_world,art,real_world,0,source_only_uniform,1e-05,,1.673306629061699,,,/home/bgg7950/astro-active-learning/results/domain_adaptation/officehome_frozen/campaigns/round1_150q/runs/art_to_real_world/seed_0/source_only_uniform/run_record.json,0.9401626727374157,0.7511467889908257,0.7317875325436649,872,0.9199568657179737,0.748909800321322,0.7292759105709614,4357,0.9199568657179737,0.748909800321322,0.7292759105709614,4357,2427.000000000008,0.0004120313143798915,0.00041203131437989276,1.0000000000000002,0.0,1.7270445823669434e-05,converged_objective,0.8270226679742336,99,204
complete,art_to_real_world,art,real_world,0,wasserstein_hard_voronoi,1e-05,,1.486409105360508,,,/home/bgg7950/astro-active-learning/results/domain_adaptation/officehome_frozen/campaigns/round1_150q/runs/art_to_real_world/seed_0/wasserstein_hard_voronoi/run_record.json,0.8486406581754269,0.7798165137614679,0.759068222534524,872,0.824309986740633,0.790681661693826,0.7695626380281938,4357,0.8522848380099627,0.7832184454480627,0.762994387139565,4207,401.05752402337953,0.002493407903105953,0.009182209469153515,0.533142037302726,0.466857962697274,0.01221531629562378,converged_objective,0.6288215294480324,81,172
complete,art_to_real_world,art,real_world,0,wasserstein_uniform,1e-05,,1.8147191163152456,,,/home/bgg7950/astro-active-learning/results/domain_adaptation/officehome_frozen/campaigns/round1_150q/runs/art_to_real_world/seed_0/wasserstein_uniform/run_record.json,0.8614975179543619,0.7729357798165137,0.7519008474259725,872,0.8248289484888449,0.7759926554969016,0.7556288044763121,4357,0.8500501904201456,0.768243403850725,0.7484062479795065,4207,2576.9999999999995,0.00038804811796662794,0.00038804811796662784,0.941792782305006,0.058207217694994186,2.0490959286689758e-05,converged_objective,0.8123335633426905,97,199
complete,art_to_real_world,art,real_world,1,random_regularized_wasserstein,1e-05,10.0,1.7005578316748142,,,/home/bgg7950/astro-active-learning/results/domain_adaptation/officehome_frozen/campaigns/round1_150q/runs/art_to_real_world/seed_1/random_regularized_wasserstein/lambda_10/run_record.json,0.7926048951758221,0.7901376146788991,0.7713684628461956,872,0.7971509079940394,0.782419095708056,0.7647194963518719,4357,0.8218554374499724,0.7746612788210125,0.7571884204294889,4207,936.8208135881581,0.0010674399901191953,0.007056151853330958,0.7991447919539036,0.20085520804609644,0.027471959590911865,converged_objective,0.8237764779478312,99,208
complete,art_to_real_world,art,real_world,1,random_uniform,1e-05,,1.8422207925468683,,,/home/bgg7950/astro-active-learning/results/domain_adaptation/officehome_frozen/campaigns/round1_150q/runs/art_to_real_world/seed_1/random_uniform/run_record.json,0.8113647850033322,0.7821100917431193,0.7626138056460752,872,0.8242757636350801,0.7725499196694974,0.7545680853461516,4357,0.8483389855161234,0.7644402186831472,0.7466709249983078,4207,2576.9999999999995,0.00038804811796662794,0.00038804811796662784,0.941792782305006,0.058207217694994186,2.1301209926605225e-05,converged_objective,0.9238499738276005,104,215
complete,art_to_real_world,art,real_world,1,source_only_uniform,1e-05,,1.6684791427105665,,,/home/bgg7950/astro-active-learning/results/domain_adaptation/officehome_frozen/campaigns/round1_150q/runs/art_to_real_world/seed_1/source_only_uniform/run_record.json,0.8777446364162251,0.7660550458715596,0.7464367901025438,872,0.9199568657179737,0.748909800321322,0.7292759105709614,4357,0.9199568657179737,0.748909800321322,0.7292759105709614,4357,2427.000000000008,0.0004120313143798915,0.00041203131437989276,1.0000000000000002,0.0,1.8011778593063354e-05,converged_objective,0.8489320110529661,99,204
complete,art_to_real_world,art,real_world,1,wasserstein_hard_voronoi,1e-05,,1.3959597647190094,,,/home/bgg7950/astro-active-learning/results/domain_adaptation/officehome_frozen/campaigns/round1_150q/runs/art_to_real_world/seed_1/wasserstein_hard_voronoi/run_record.json,0.8322462963701536,0.7958715596330275,0.7731580122399364,872,0.8349754877983324,0.786779894422768,0.7642667635546757,4357,0.8632628229030767,0.7791775612075112,0.7569822171802264,4207,395.88073274878593,0.002526013309757538,0.0109038737446198,0.5342898134863702,0.46571018651362983,0.01241348311305046,converged_objective,0.5488066393882036,79,165
complete,art_to_real_world,art,real_world,1,wasserstein_uniform,1e-05,,1.949305510148406,,,/home/bgg7950/astro-active-learning/results/domain_adaptation/officehome_frozen/campaigns/round1_150q/runs/art_to_real_world/seed_1/wasserstein_uniform/run_record.json,0.7965743119699527,0.7763761467889908,0.7563842596767103,872,0.819937247009072,0.7748450768877668,0.7546290721160014,4357,0.8448610429843195,0.7670549084858569,0.7468995446595843,4207,2576.9999999999995,0.00038804811796662794,0.00038804811796662784,0.941792782305006,0.058207217694994186,2.236291766166687e-05,converged_objective,0.960913298651576,109,220
complete,art_to_real_world,art,real_world,2,random_regularized_wasserstein,1e-05,10.0,1.59256705455482,,,/home/bgg7950/astro-active-learning/results/domain_adaptation/officehome_frozen/campaigns/round1_150q/runs/art_to_real_world/seed_2/random_regularized_wasserstein/lambda_10/run_record.json,0.8062461234905018,0.7935779816513762,0.7754128237933906,872,0.8034207245280839,0.7858618315354602,0.7662752436051696,4357,0.8285967331384192,0.7782267649156168,0.7584849062315312,4207,778.8741680497099,0.0012839044367127827,0.006722009854480456,0.789784846331181,0.21021515366881907,0.027250319719314575,converged_objective,0.7271293736994267,97,203
complete,art_to_real_world,art,real_world,2,random_uniform,1e-05,,1.6976810470223427,,,/home/bgg7950/astro-active-learning/results/domain_adaptation/officehome_frozen/campaigns/round1_150q/runs/art_to_real_world/seed_2/random_uniform/run_record.json,0.8338575107076999,0.7809633027522935,0.7612815996419237,872,0.8296364652667257,0.7755336240532477,0.7560048479947687,4357,0.8536690779518786,0.7675303066318041,0.7477738332201224,4207,2576.9999999999995,0.00038804811796662794,0.00038804811796662784,0.941792782305006,0.058207217694994186,2.2061169147491455e-05,converged_objective,0.7711540050804615,101,205
complete,art_to_real_world,art,real_world,2,source_only_uniform,1e-05,,1.6575340442359447,,,/home/bgg7950/astro-active-learning/results/domain_adaptation/officehome_frozen/campaigns/round1_150q/runs/art_to_real_world/seed_2/source_only_uniform/run_record.json,0.9103155548251995,0.7534403669724771,0.7352726023546458,872,0.9199568657179737,0.748909800321322,0.7292759105709614,4357,0.9199568657179737,0.748909800321322,0.7292759105709614,4357,2427.000000000008,0.0004120313143798915,0.00041203131437989276,1.0000000000000002,0.0,1.7933547496795654e-05,converged_objective,0.8215159550309181,99,204
complete,art_to_real_world,art,real_world,2,wasserstein_hard_voronoi,1e-05,,1.4702931959182024,,,/home/bgg7950/astro-active-learning/results/domain_adaptation/officehome_frozen/campaigns/round1_150q/runs/art_to_real_world/seed_2/wasserstein_hard_voronoi/run_record.json,0.8365157076983535,0.7981651376146789,0.7785748308741879,872,0.8312956924048747,0.786779894422768,0.7657163161701808,4357,0.8595475161783418,0.7791775612075112,0.758895551693471,4207,419.82871858688503,0.0023819237601608867,0.009469153515064565,0.5515064562410331,0.4484935437589671,0.012434594333171844,converged_objective,0.5830267686396837,84,174
complete,art_to_real_world,art,real_world,2,wasserstein_uniform,1e-05,,1.8568220399320126,,,/home/bgg7950/astro-active-learning/results/domain_adaptation/officehome_frozen/campaigns/round1_150q/runs/art_to_real_world/seed_2/wasserstein_uniform/run_record.json,0.8213527945000562,0.783256880733945,0.7655557370971756,872,0.8189758689919197,0.7792058756024788,0.759106240597929,4357,0.8442938676580738,0.7715711908723556,0.7517676437562201,4207,2576.9999999999995,0.00038804811796662794,0.00038804811796662784,0.941792782305006,0.058207217694994186,2.176128327846527e-05,converged_objective,0.8756876680999994,102,208
complete,art_to_real_world,art,real_world,3,random_regularized_wasserstein,1e-05,10.0,1.738591156899929,,,/home/bgg7950/astro-active-learning/results/domain_adaptation/officehome_frozen/campaigns/round1_150q/runs/art_to_real_world/seed_3/random_regularized_wasserstein/lambda_10/run_record.json,0.8411331526898008,0.7775229357798165,0.760015254056097,872,0.7873395174142784,0.7860913472572871,0.7670073205595379,4357,0.8114730460045533,0.7784644639885905,0.7600288814505347,4207,980.5810596787775,0.0010198035033713417,0.00497792519773924,0.8214359818058334,0.17856401819416678,0.030211953446269035,converged_objective,0.8576412070542574,101,212
complete,art_to_real_world,art,real_world,3,random_uniform,1e-05,,1.7984641622751951,,,/home/bgg7950/astro-active-learning/results/domain_adaptation/officehome_frozen/campaigns/round1_150q/runs/art_to_real_world/seed_3/random_uniform/run_record.json,0.8749987711656403,0.768348623853211,0.7490263542258064,872,0.8147562854267449,0.7787468441588249,0.7582917889169147,4357,0.8380412961154999,0.7710957927264084,0.7510899323817989,4207,2576.9999999999995,0.00038804811796662794,0.00038804811796662784,0.941792782305006,0.058207217694994186,2.064928412437439e-05,converged_objective,0.8848498929291964,104,212
complete,art_to_real_world,art,real_world,3,source_only_uniform,1e-05,,1.5890833903104067,,,/home/bgg7950/astro-active-learning/results/domain_adaptation/officehome_frozen/campaigns/round1_150q/runs/art_to_real_world/seed_3/source_only_uniform/run_record.json,0.9630294022569783,0.7454128440366973,0.7261779108933193,872,0.9199568657179737,0.748909800321322,0.7292759105709614,4357,0.9199568657179737,0.748909800321322,0.7292759105709614,4357,2427.000000000008,0.0004120313143798915,0.00041203131437989276,1.0000000000000002,0.0,1.7153099179267883e-05,converged_objective,0.7845354024320841,99,204
complete,art_to_real_world,art,real_world,3,wasserstein_hard_voronoi,1e-05,,1.4915229957550764,,,/home/bgg7950/astro-active-learning/results/domain_adaptation/officehome_frozen/campaigns/round1_150q/runs/art_to_real_world/seed_3/wasserstein_hard_voronoi/run_record.json,0.8692669077043496,0.7798165137614679,0.7595754688538683,872,0.8082389168705912,0.7957310075740188,0.776143612523931,4357,0.8357140360095378,0.7884478250534823,0.7695394397519755,4207,392.93490569089903,0.002544950793418813,0.012912482065997133,0.5371592539454807,0.4628407460545194,0.012442167848348618,converged_objective,0.6359469909220934,82,174
complete,art_to_real_world,art,real_world,3,wasserstein_uniform,1e-05,,1.8491360321640968,,,/home/bgg7950/astro-active-learning/results/domain_adaptation/officehome_frozen/campaigns/round1_150q/runs/art_to_real_world/seed_3/wasserstein_uniform/run_record.json,0.8682789620812088,0.7763761467889908,0.7572232022958385,872,0.805840289004593,0.7810420013770943,0.7619929242019864,4357,0.8301057410140344,0.7737104825291181,0.7549032242656879,4207,2576.9999999999995,0.00038804811796662794,0.00038804811796662784,0.941792782305006,0.058207217694994186,2.1832063794136047e-05,converged_objective,0.8633898850530386,101,209
complete,art_to_real_world,art,real_world,4,random_regularized_wasserstein,1e-05,10.0,1.7136368416249752,,,/home/bgg7950/astro-active-learning/results/domain_adaptation/officehome_frozen/campaigns/round1_150q/runs/art_to_real_world/seed_4/random_regularized_wasserstein/lambda_10/run_record.json,0.7395988404957892,0.7889908256880734,0.7694638691995206,872,0.7673863335790468,0.790911177415653,0.770932547027179,4357,0.7909186869053569,0.7834561445210364,0.7636207894812668,4207,857.1860045513088,0.0011666079412057675,0.007614534905692441,0.8066737227625627,0.19332627723743734,0.023905793204903603,converged_objective,0.8556192088872194,101,207
complete,art_to_real_world,art,real_world,4,random_uniform,1e-05,,1.7413112372159958,,,/home/bgg7950/astro-active-learning/results/domain_adaptation/officehome_frozen/campaigns/round1_150q/runs/art_to_real_world/seed_4/random_uniform/run_record.json,0.755062870392041,0.7844036697247706,0.7615268197442524,872,0.7946087326047747,0.7835666743171907,0.7628862083368759,4357,0.8167333557129713,0.7765628714048015,0.7560582898712909,4207,2576.9999999999995,0.00038804811796662794,0.00038804811796662784,0.941792782305006,0.058207217694994186,2.2152438759803772e-05,converged_objective,0.8226582929491997,97,199
complete,art_to_real_world,art,real_world,4,source_only_uniform,1e-05,,1.594079203903675,,,/home/bgg7950/astro-active-learning/results/domain_adaptation/officehome_frozen/campaigns/round1_150q/runs/art_to_real_world/seed_4/source_only_uniform/run_record.json,0.851679260519229,0.7568807339449541,0.7375583887283101,872,0.9199568657179737,0.748909800321322,0.7292759105709614,4357,0.9199568657179737,0.748909800321322,0.7292759105709614,4357,2427.000000000008,0.0004120313143798915,0.00041203131437989276,1.0000000000000002,0.0,1.701153814792633e-05,converged_objective,0.7711457014083862,99,204
complete,art_to_real_world,art,real_world,4,wasserstein_hard_voronoi,1e-05,,1.533577088266611,,,/home/bgg7950/astro-active-learning/results/domain_adaptation/officehome_frozen/campaigns/round1_150q/runs/art_to_real_world/seed_4/wasserstein_hard_voronoi/run_record.json,0.8139724003576086,0.7821100917431193,0.7670433837021119,872,0.8346399568939543,0.7854028000918063,0.766958128316463,4357,0.8628993923267995,0.7777513667696696,0.7597553802002454,4207,394.54325439365886,0.0025345763458478536,0.012338593974175034,0.5420373027259684,0.4579626972740315,0.01250462792813778,converged_objective,0.6473454050719738,83,172
complete,art_to_real_world,art,real_world,4,wasserstein_uniform,1e-05,,1.8832216300070286,,,/home/bgg7950/astro-active-learning/results/domain_adaptation/officehome_frozen/campaigns/round1_150q/runs/art_to_real_world/seed_4/wasserstein_uniform/run_record.json,0.7796302733168058,0.7752293577981652,0.7541190138749082,872,0.8239561005282315,0.778287812715171,0.7590220457682764,4357,0.8490473746949736,0.7706203945804612,0.7514256626806071,4207,2576.9999999999995,0.00038804811796662794,0.00038804811796662784,0.941792782305006,0.058207217694994186,2.3195520043373108e-05,converged_objective,0.8951750248670578,101,206
complete,clipart_to_art,clipart,art,0,random_regularized_wasserstein,1e-05,10.0,1.765214404091239,,,/home/bgg7950/astro-active-learning/results/domain_adaptation/officehome_frozen/campaigns/round1_150q/runs/clipart_to_art/seed_0/random_regularized_wasserstein/lambda_10/run_record.json,1.3927020278029543,0.6481481481481481,0.5802899877899877,486,1.3348280462294635,0.6641944787803873,0.5983863432114431,2427,1.4172058994189005,0.6420729029424681,0.5753208562609738,2277,692.6228078681233,0.0014437872802340662,0.0064431866825521295,0.6915084975489996,0.30849150245100043,0.039199767634272575,converged_objective,1.0337213445454836,111,228
complete,clipart_to_art,clipart,art,0,random_regularized_wasserstein,1e-05,100.0,2.627211630344391,,,/home/bgg7950/astro-active-learning/results/domain_adaptation/officehome_frozen/campaigns/round1_150q/runs/clipart_to_art/seed_0/random_regularized_wasserstein/lambda_100/run_record.json,1.4267651776547603,0.6358024691358025,0.5677625152625152,486,1.3458589408176849,0.657601977750309,0.5869809374309715,2427,1.424887148688284,0.6350461133069829,0.5625528858176408,2277,2265.923899198137,0.0004413210877708113,0.002048092588939803,0.8702810686599788,0.12971893134002116,0.6776589993387461,converged_objective,1.233319392427802,128,264
complete,clipart_to_art,clipart,art,0,random_regularized_wasserstein,1e-05,1000.0,3.057367419824004,,,/home/bgg7950/astro-active-learning/results/domain_adaptation/officehome_frozen/campaigns/round1_150q/runs/clipart_to_art/seed_0/random_regularized_wasserstein/lambda_1000/run_record.json,1.5029251678963607,0.6275720164609053,0.5685286935286936,486,1.4055006843787035,0.6485372888339513,0.5861631886206365,2427,1.4826374854705973,0.6253842775581906,0.5618883843550657,2277,4226.269687581097,0.0002366152834350591,0.0006740024072484249,0.9311919980780188,0.06880800192198125,1.1019717510789633,converged_objective,1.2659807279706001,129,267
complete,clipart_to_art,clipart,art,0,random_regularized_wasserstein,1e-05,10000.0,2.974178345873952,,,/home/bgg7950/astro-active-learning/results/domain_adaptation/officehome_frozen/campaigns/round1_150q/runs/clipart_to_art/seed_0/random_regularized_wasserstein/lambda_10000/run_record.json,1.5446133271740903,0.6316872427983539,0.5778663003663003,486,1.4531068997479781,0.6440049443757726,0.5857101685334669,2427,1.5244393362040287,0.6209925340360123,0.5618656877406786,2277,4509.500635295645,0.00022175404349054705,0.00027159782053882677,0.9613972654271752,0.03860273457282479,1.0742873940616846,converged_objective,1.220155980437994,127,262
complete,clipart_to_art,clipart,art,0,random_uniform,1e-05,,2.0444271713495255,,,/home/bgg7950/astro-active-learning/results/domain_adaptation/officehome_frozen/campaigns/round1_150q/runs/clipart_to_art/seed_0/random_uniform/run_record.json,1.5551241065691095,0.6255144032921811,0.5723107448107447,486,1.4658873809628983,0.6411207251751133,0.5829150650861896,2427,1.5347731867946157,0.6179183135704874,0.5588784684158509,2277,4514.999999999984,0.00022148394241417577,0.00022148394241417493,0.9667774086378734,0.03322259136212624,2.481788396835327e-05,converged_objective,1.276119815185666,128,263
complete,clipart_to_art,clipart,art,0,source_only_uniform,1e-05,,7.459677886217833,,,/home/bgg7950/astro-active-learning/results/domain_adaptation/officehome_frozen/campaigns/round1_150q/runs/clipart_to_art/seed_0/source_only_uniform/run_record.json,1.828599160472443,0.5576131687242798,0.5183730158730159,486,1.8042196268927362,0.5455294602389782,0.5039032282098398,2427,1.8042196268927362,0.5455294602389782,0.5039032282098398,2427,4364.999999999989,0.00022909507445589977,0.0002290950744558992,1.0,0.0,2.409517765045166e-05,converged_objective,1.2446103114634752,127,263
complete,clipart_to_art,clipart,art,0,wasserstein_hard_voronoi,1e-05,,1.4762457218021154,,,/home/bgg7950/astro-active-learning/results/domain_adaptation/officehome_frozen/campaigns/round1_150q/runs/clipart_to_art/seed_0/wasserstein_hard_voronoi/run_record.json,1.5616513400643575,0.602880658436214,0.512094017094017,486,1.4571955978772049,0.6402966625463535,0.5497489320597413,2427,1.5502544766933979,0.616600790513834,0.5299824326034465,2277,259.4505199366435,0.00385429946428396,0.014425553838227717,0.40752189592993304,0.592478104070067,0.01231657899916172,converged_objective,0.7558463159948587,89,186
complete,clipart_to_art,clipart,art,0,wasserstein_uniform,1e-05,,2.0987272784113884,,,/home/bgg7950/astro-active-learning/results/domain_adaptation/officehome_frozen/campaigns/round1_150q/runs/clipart_to_art/seed_0/wasserstein_uniform/run_record.json,1.5561593934439293,0.6131687242798354,0.5523321123321123,486,1.4595397959405856,0.6394725999175938,0.5718126089156722,2427,1.532404277141874,0.6170399648660518,0.5518654116573707,2277,4514.999999999984,0.00022148394241417577,0.00022148394241417493,0.9667774086378734,0.03322259136212624,2.401508390903473e-05,converged_objective,1.2657594569027424,127,266
complete,clipart_to_art,clipart,art,1,random_regularized_wasserstein,1e-05,10.0,1.6946572121232748,,,/home/bgg7950/astro-active-learning/results/domain_adaptation/officehome_frozen/campaigns/round1_150q/runs/clipart_to_art/seed_1/random_regularized_wasserstein/lambda_10/run_record.json,1.5103669301048948,0.6069958847736625,0.5309340659340659,486,1.3297504503430584,0.6637824474660075,0.5991246976162524,2427,1.410915521608227,0.6416337285902504,0.5726911052098395,2277,705.6810166510838,0.0014170708527000647,0.006587756766487371,0.6961570913324986,0.3038429086675014,0.03515864722430706,converged_objective,0.945552434772253,105,218
complete,clipart_to_art,clipart,art,1,random_uniform,1e-05,,2.056794948875904,,,/home/bgg7950/astro-active-learning/results/domain_adaptation/officehome_frozen/campaigns/round1_150q/runs/clipart_to_art/seed_1/random_uniform/run_record.json,1.624743463404581,0.588477366255144,0.5250854700854701,486,1.4766504091915282,0.6407086938607334,0.5882906401683468,2427,1.5456168086368347,0.6183574879227053,0.5618827382163322,2277,4514.999999999984,0.00022148394241417577,0.00022148394241417493,0.9667774086378734,0.03322259136212624,2.5628134608268738e-05,converged_objective,1.2642745412886143,129,264
complete,clipart_to_art,clipart,art,1,source_only_uniform,1e-05,,7.4887707475572824,,,/home/bgg7950/astro-active-learning/results/domain_adaptation/officehome_frozen/campaigns/round1_150q/runs/clipart_to_art/seed_1/source_only_uniform/run_record.json,1.8707262561196771,0.5267489711934157,0.47767094017094014,486,1.8042196268927362,0.5455294602389782,0.5039032282098398,2427,1.8042196268927362,0.5455294602389782,0.5039032282098398,2427,4364.999999999989,0.00022909507445589977,0.0002290950744558992,1.0,0.0,2.529844641685486e-05,converged_objective,1.2394577004015446,127,263
complete,clipart_to_art,clipart,art,1,wasserstein_hard_voronoi,1e-05,,1.456835225224495,,,/home/bgg7950/astro-active-learning/results/domain_adaptation/officehome_frozen/campaigns/round1_150q/runs/clipart_to_art/seed_1/wasserstein_hard_voronoi/run_record.json,1.5463230387768974,0.6069958847736625,0.5153632478632479,486,1.4144962908531864,0.6505974454058508,0.5623091245237248,2427,1.5046290587789546,0.6275801493192797,0.5431129475704882,2277,277.61262987252235,0.0036021415900969367,0.01287995878413189,0.4250386398763524,0.5749613601236476,0.012392103672027588,converged_objective,0.7357055861502886,88,184
complete,clipart_to_art,clipart,art,1,wasserstein_uniform,1e-05,,2.1233223117887974,,,/home/bgg7950/astro-active-learning/results/domain_adaptation/officehome_frozen/campaigns/round1_150q/runs/clipart_to_art/seed_1/wasserstein_uniform/run_record.json,1.586346805010497,0.5925925925925926,0.5103937728937729,486,1.4500602550647728,0.6378244746600742,0.5687594938991472,2427,1.5229147149763456,0.6152832674571805,0.5495275327974151,2277,4514.999999999984,0.00022148394241417577,0.00022148394241417493,0.9667774086378734,0.03322259136212624,2.5840476155281067e-05,converged_objective,1.265109607949853,128,262
complete,clipart_to_art,clipart,art,2,random_regularized_wasserstein,1e-05,10.0,1.7666817791759968,,,/home/bgg7950/astro-active-learning/results/domain_adaptation/officehome_frozen/campaigns/round1_150q/runs/clipart_to_art/seed_2/random_regularized_wasserstein/lambda_10/run_record.json,1.3994390236100398,0.6275720164609053,0.5480860805860805,486,1.36961807786205,0.6534816646065101,0.5875708649643601,2427,1.4536644189600387,0.6306543697848046,0.5635879051975411,2277,722.0566073195534,0.0013849329676688907,0.005991724091215704,0.6991348353346536,0.30086516466534635,0.03877381980419159,converged_objective,1.0399752352386713,114,235
complete,clipart_to_art,clipart,art,2,random_uniform,1e-05,,1.9809483475983143,,,/home/bgg7950/astro-active-learning/results/domain_adaptation/officehome_frozen/campaigns/round1_150q/runs/clipart_to_art/seed_2/random_uniform/run_record.json,1.4646929201611687,0.6255144032921811,0.55997557997558,486,1.4832145170594093,0.6279357231149567,0.5737048408603919,2427,1.5524315342099295,0.6051822573561704,0.5483565494407752,2277,4514.999999999984,0.00022148394241417577,0.00022148394241417493,0.9667774086378734,0.03322259136212624,2.773292362689972e-05,converged_objective,1.1986802499741316,125,261
complete,clipart_to_art,clipart,art,2,source_only_uniform,1e-05,,7.537013340741396,,,/home/bgg7950/astro-active-learning/results/domain_adaptation/officehome_frozen/campaigns/round1_150q/runs/clipart_to_art/seed_2/source_only_uniform/run_record.json,1.7165812796116782,0.5679012345679012,0.5142002442002442,486,1.8042196268927362,0.5455294602389782,0.5039032282098398,2427,1.8042196268927362,0.5455294602389782,0.5039032282098398,2427,4364.999999999989,0.00022909507445589977,0.0002290950744558992,1.0,0.0,2.3527070879936218e-05,converged_objective,1.22451938316226,127,263
complete,clipart_to_art,clipart,art,2,wasserstein_hard_voronoi,1e-05,,1.5169478617608547,,,/home/bgg7950/astro-active-learning/results/domain_adaptation/officehome_frozen/campaigns/round1_150q/runs/clipart_to_art/seed_2/wasserstein_hard_voronoi/run_record.json,1.52701189903385,0.6111111111111112,0.49607142857142855,486,1.4585232381932312,0.6320560362587556,0.5362506494763306,2427,1.551691553563438,0.6078173034694774,0.5186390894379707,2277,278.39215251607186,0.0035920552751294564,0.01545595054095827,0.41576506955177744,0.5842349304482226,0.012333251535892487,converged_objective,0.7917921599000692,93,194
complete,clipart_to_art,clipart,art,2,wasserstein_uniform,1e-05,,2.1712469160556793,,,/home/bgg7950/astro-active-learning/results/domain_adaptation/officehome_frozen/campaigns/round1_150q/runs/clipart_to_art/seed_2/wasserstein_uniform/run_record.json,1.4675214277897246,0.6255144032921811,0.549386446886447,486,1.4625112925316417,0.6431808817470128,0.5724209126609914,2427,1.535238063720217,0.6209925340360123,0.5564421488800236,2277,4514.999999999984,0.00022148394241417577,0.00022148394241417493,0.9667774086378734,0.03322259136212624,2.9165297746658325e-05,converged_objective,1.288685467094183,131,271
complete,clipart_to_art,clipart,art,3,random_regularized_wasserstein,1e-05,10.0,1.7500454373657703,,,/home/bgg7950/astro-active-learning/results/domain_adaptation/officehome_frozen/campaigns/round1_150q/runs/clipart_to_art/seed_3/random_regularized_wasserstein/lambda_10/run_record.json,1.5659288112594725,0.5802469135802469,0.5211477411477411,486,1.3670409435867532,0.638236505974454,0.5831897530430723,2427,1.4512723215210566,0.6144049187527448,0.5557169061328618,2277,730.8631457618857,0.0013682452122518144,0.007224599537261281,0.7009176773059684,0.29908232269403145,0.03506591357290745,converged_objective,1.0301037207245827,113,232
complete,clipart_to_art,clipart,art,3,random_uniform,1e-05,,2.016948949545622,,,/home/bgg7950/astro-active-learning/results/domain_adaptation/officehome_frozen/campaigns/round1_150q/runs/clipart_to_art/seed_3/random_uniform/run_record.json,1.7355000687712498,0.5679012345679012,0.5255982905982906,486,1.5108362884748436,0.6180469715698393,0.5727214975967784,2427,1.5821143973418965,0.5955204216073782,0.5489772654167099,2277,4514.999999999984,0.00022148394241417577,0.00022148394241417493,0.9667774086378734,0.03322259136212624,2.6749446988105774e-05,converged_objective,1.2411672063171864,129,266
complete,clipart_to_art,clipart,art,3,source_only_uniform,1e-05,,7.10583121702075,,,/home/bgg7950/astro-active-learning/results/domain_adaptation/officehome_frozen/campaigns/round1_150q/runs/clipart_to_art/seed_3/source_only_uniform/run_record.json,1.9671133289442004,0.5102880658436214,0.4648809523809524,486,1.8042196268927362,0.5455294602389782,0.5039032282098398,2427,1.8042196268927362,0.5455294602389782,0.5039032282098398,2427,4364.999999999989,0.00022909507445589977,0.0002290950744558992,1.0,0.0,2.386420965194702e-05,converged_objective,1.139562826603651,127,263
complete,clipart_to_art,clipart,art,3,wasserstein_hard_voronoi,1e-05,,1.4455992821604013,,,/home/bgg7950/astro-active-learning/results/domain_adaptation/officehome_frozen/campaigns/round1_150q/runs/clipart_to_art/seed_3/wasserstein_hard_voronoi/run_record.json,1.6276128090073894,0.588477366255144,0.49900488400488396,486,1.445100271993813,0.6345282241450351,0.5383445604857426,2427,1.5372542578208308,0.6104523495827844,0.5201020895495162,2277,284.6174359749187,0.0035134881901196066,0.01339515713549717,0.4374034003091192,0.5625965996908812,0.012421628460288048,converged_objective,0.7354254312813282,90,187
complete,clipart_to_art,clipart,art,3,wasserstein_uniform,1e-05,,2.0523309633135796,,,/home/bgg7950/astro-active-learning/results/domain_adaptation/officehome_frozen/campaigns/round1_150q/runs/clipart_to_art/seed_3/wasserstein_uniform/run_record.json,1.6926924317914105,0.565843621399177,0.5022924297924298,486,1.4627423231506917,0.6341161928306551,0.56125406260924,2427,1.537330749968905,0.6104523495827844,0.5427053376658367,2277,4514.999999999984,0.00022148394241417577,0.00022148394241417493,0.9667774086378734,0.03322259136212624,2.4437904357910156e-05,converged_objective,1.1913974527269602,124,256
complete,clipart_to_art,clipart,art,4,random_regularized_wasserstein,1e-05,10.0,1.765186371281743,,,/home/bgg7950/astro-active-learning/results/domain_adaptation/officehome_frozen/campaigns/round1_150q/runs/clipart_to_art/seed_4/random_regularized_wasserstein/lambda_10/run_record.json,1.4837665666246889,0.6337448559670782,0.5587728937728937,486,1.3581390738329613,0.6563658838071693,0.5922124763094346,2427,1.4415231981926127,0.6337285902503293,0.5690460470768669,2277,739.128655991666,0.0013529444324659973,0.005822702549459401,0.6956515135871745,0.30434848641282564,0.03518044017255306,converged_objective,1.0375128891319036,112,230
complete,clipart_to_art,clipart,art,4,random_uniform,1e-05,,1.9854061994701624,,,/home/bgg7950/astro-active-learning/results/domain_adaptation/officehome_frozen/campaigns/round1_150q/runs/clipart_to_art/seed_4/random_uniform/run_record.json,1.625497526450517,0.6008230452674898,0.5499542124542125,486,1.5052504607771329,0.6201071281417387,0.5643498645259631,2427,1.576898197113427,0.5968379446640316,0.5410759240069897,2277,4514.999999999984,0.00022148394241417577,0.00022148394241417493,0.9667774086378734,0.03322259136212624,2.584792673587799e-05,converged_objective,1.206420872360468,125,258
complete,clipart_to_art,clipart,art,4,source_only_uniform,1e-05,,7.441722936928272,,,/home/bgg7950/astro-active-learning/results/domain_adaptation/officehome_frozen/campaigns/round1_150q/runs/clipart_to_art/seed_4/source_only_uniform/run_record.json,1.8474765076946513,0.5576131687242798,0.5212820512820514,486,1.8042196268927362,0.5455294602389782,0.5039032282098398,2427,1.8042196268927362,0.5455294602389782,0.5039032282098398,2427,4364.999999999989,0.00022909507445589977,0.0002290950744558992,1.0,0.0,2.1923333406448364e-05,converged_objective,1.239739928394556,127,263
complete,clipart_to_art,clipart,art,4,wasserstein_hard_voronoi,1e-05,,1.523494940251112,,,/home/bgg7950/astro-active-learning/results/domain_adaptation/officehome_frozen/campaigns/round1_150q/runs/clipart_to_art/seed_4/wasserstein_hard_voronoi/run_record.json,1.5637952092400957,0.6172839506172839,0.511013431013431,486,1.4631783680739363,0.6345282241450351,0.539723038550712,2427,1.5567496958412215,0.6104523495827844,0.5221199697357939,2277,267.0646487559367,0.0037444117170066698,0.0170015455950541,0.4080370942812984,0.5919629057187019,0.01229947805404663,converged_objective,0.7703439462929964,91,189
complete,clipart_to_art,clipart,art,4,wasserstein_uniform,1e-05,,2.063534004613757,,,/home/bgg7950/astro-active-learning/results/domain_adaptation/officehome_frozen/campaigns/round1_150q/runs/clipart_to_art/seed_4/wasserstein_uniform/run_record.json,1.5915693021672705,0.6193415637860082,0.5593467643467643,486,1.4715034492329482,0.6341161928306551,0.5696510640654898,2427,1.5461643510736731,0.6108915239350022,0.5519478529778128,2277,4514.999999999984,0.00022148394241417577,0.00022148394241417493,0.9667774086378734,0.03322259136212624,2.5937333703041077e-05,converged_objective,1.22257711738348,133,278
complete,clipart_to_product,clipart,product,0,random_regularized_wasserstein,1e-05,10.0,1.8852421641349792,,,/home/bgg7950/astro-active-learning/results/domain_adaptation/officehome_frozen/campaigns/round1_150q/runs/clipart_to_product/seed_0/random_regularized_wasserstein/lambda_10/run_record.json,0.956308312582767,0.7635135135135135,0.7332226885733673,888,0.9334289698911252,0.7603063753097544,0.7379238421825451,4439,0.9630499241076411,0.7519235252972721,0.7291790307620716,4289,610.4134645905065,0.0016382338496921038,0.007044572277955837,0.664046015787194,0.3359539842128059,0.05505114607512951,converged_objective,0.9667621068656445,107,222
complete,clipart_to_product,clipart,product,0,random_regularized_wasserstein,1e-05,100.0,2.9700997043401003,,,/home/bgg7950/astro-active-learning/results/domain_adaptation/officehome_frozen/campaigns/round1_150q/runs/clipart_to_product/seed_0/random_regularized_wasserstein/lambda_100/run_record.json,1.0062776920685748,0.7331081081081081,0.7054693402704834,888,0.9906783450850366,0.7391304347826086,0.7198512776943482,4439,1.0202483648473277,0.7300069946374447,0.7105262419613058,4289,2189.5764912252284,0.0004567093243864829,0.0017802057438441783,0.8629211866272496,0.13707881337275035,0.9285367839038372,converged_objective,1.17454862780869,120,249
complete,clipart_to_product,clipart,product,0,random_regularized_wasserstein,1e-05,1000.0,3.1848852522671223,,,/home/bgg7950/astro-active-learning/results/domain_adaptation/officehome_frozen/campaigns/round1_150q/runs/clipart_to_product/seed_0/random_regularized_wasserstein/lambda_1000/run_record.json,1.0869953412303968,0.7128378378378378,0.6868007517739597,888,1.0702697316749028,0.7226852894796125,0.705867242481449,4439,1.0977009165636376,0.7134530193518303,0.6961304182671054,4289,4337.6791804980385,0.00023053802699285453,0.0005704991658535783,0.9473095156618487,0.052690484338151315,1.080125043168664,converged_objective,1.2344254460185766,128,262
complete,clipart_to_product,clipart,product,0,random_regularized_wasserstein,1e-05,10000.0,3.116217354312539,,,/home/bgg7950/astro-active-learning/results/domain_adaptation/officehome_frozen/campaigns/round1_150q/runs/clipart_to_product/seed_0/random_regularized_wasserstein/lambda_10000/run_record.json,1.1220350679524291,0.6993243243243243,0.6737418028374208,888,1.108169187021119,0.7114214913268754,0.6938871280447197,4439,1.133869929141257,0.702261599440429,0.6841139737809212,4289,4511.999391994305,0.00022163123553924053,0.00026016385644327984,0.9638115763201656,0.0361884236798344,0.875600503757596,converged_objective,1.2745244465768337,131,270
complete,clipart_to_product,clipart,product,0,random_uniform,1e-05,,2.1329253874719143,,,/home/bgg7950/astro-active-learning/results/domain_adaptation/officehome_frozen/campaigns/round1_150q/runs/clipart_to_product/seed_0/random_uniform/run_record.json,1.1300824844770305,0.6959459459459459,0.669566917893305,888,1.1172795381540797,0.7075917999549448,0.6900244786758336,4439,1.1424996148566962,0.6982979715551411,0.6800684504669305,4289,4514.999999999984,0.00022148394241417577,0.00022148394241417493,0.9667774086378734,0.03322259136212624,2.6047229766845703e-05,converged_objective,1.186041658744216,124,254
complete,clipart_to_product,clipart,product,0,source_only_uniform,1e-05,,2.078677712008357,,,/home/bgg7950/astro-active-learning/results/domain_adaptation/officehome_frozen/campaigns/round1_150q/runs/clipart_to_product/seed_0/source_only_uniform/run_record.json,1.3587270834245053,0.6407657657657657,0.6148356694111635,888,1.3897034219169704,0.6368551475557558,0.6184961833381856,4439,1.3897034219169704,0.6368551475557558,0.6184961833381856,4439,4364.999999999989,0.00022909507445589977,0.0002290950744558992,1.0,0.0,2.3456290364265442e-05,converged_objective,1.2364140711724758,127,263
complete,clipart_to_product,clipart,product,0,wasserstein_hard_voronoi,1e-05,,1.6362432688474655,,,/home/bgg7950/astro-active-learning/results/domain_adaptation/officehome_frozen/campaigns/round1_150q/runs/clipart_to_product/seed_0/wasserstein_hard_voronoi/run_record.json,0.9179774829086027,0.7781531531531531,0.7517014407756252,888,0.8569399087083004,0.792070286100473,0.774223420959776,4439,0.8856483962002543,0.7847983212870133,0.7674081674641743,4289,229.88826092505153,0.004349939383490405,0.016333427203604617,0.32216277105040836,0.6778372289495915,0.015390560030937195,converged_objective,0.7582882195711136,90,186
complete,clipart_to_product,clipart,product,0,wasserstein_uniform,1e-05,,2.270384579896927,,,/home/bgg7950/astro-active-learning/results/domain_adaptation/officehome_frozen/campaigns/round1_150q/runs/clipart_to_product/seed_0/wasserstein_uniform/run_record.json,1.0775183009934548,0.7195945945945946,0.6995641898785504,888,1.053255724239881,0.7325974318540212,0.7158033191663398,4439,1.0790465320138831,0.724411284681744,0.7075218514782865,4289,4514.999999999984,0.00022148394241417577,0.00022148394241417493,0.9667774086378734,0.03322259136212624,2.633035182952881e-05,converged_objective,1.2510603331029415,128,261
complete,clipart_to_product,clipart,product,1,random_regularized_wasserstein,1e-05,10.0,1.9378717597573996,,,/home/bgg7950/astro-active-learning/results/domain_adaptation/officehome_frozen/campaigns/round1_150q/runs/clipart_to_product/seed_1/random_regularized_wasserstein/lambda_10/run_record.json,0.9701592643868213,0.7477477477477478,0.7269184307264803,888,0.9919403088324316,0.7479161973417436,0.7301026286033525,4439,1.0240911046165984,0.7391000233154581,0.7231965108114065,4289,601.5486525405616,0.0016623759288240969,0.006944805427226164,0.6467218854026349,0.35327811459736513,0.055284420028328896,converged_objective,0.9819056186825037,108,224
complete,clipart_to_product,clipart,product,1,random_uniform,1e-05,,2.2586398273706436,,,/home/bgg7950/astro-active-learning/results/domain_adaptation/officehome_frozen/campaigns/round1_150q/runs/clipart_to_product/seed_1/random_uniform/run_record.json,1.1280875720346115,0.7117117117117117,0.6921982622310081,888,1.160455145904221,0.7071412480288354,0.6899032801586167,4439,1.1891187156855585,0.6975985078106784,0.6822852027049431,4289,4514.999999999984,0.00022148394241417577,0.00022148394241417493,0.9667774086378734,0.03322259136212624,2.61794775724411e-05,converged_objective,1.27598300203681,131,267
complete,clipart_to_product,clipart,product,1,source_only_uniform,1e-05,,2.116503106430173,,,/home/bgg7950/astro-active-learning/results/domain_adaptation/officehome_frozen/campaigns/round1_150q/runs/clipart_to_product/seed_1/source_only_uniform/run_record.json,1.3302969476274447,0.6362612612612613,0.6165652059829246,888,1.3897034219169704,0.6368551475557558,0.6184961833381856,4439,1.3897034219169704,0.6368551475557558,0.6184961833381856,4439,4364.999999999989,0.00022909507445589977,0.0002290950744558992,1.0,0.0,2.3733824491500854e-05,converged_objective,1.2272935435175896,127,263
complete,clipart_to_product,clipart,product,1,wasserstein_hard_voronoi,1e-05,,1.5900314208120108,,,/home/bgg7950/astro-active-learning/results/domain_adaptation/officehome_frozen/campaigns/round1_150q/runs/clipart_to_product/seed_1/wasserstein_hard_voronoi/run_record.json,0.8545443785577963,0.7781531531531531,0.7454768432858454,888,0.8432196874437334,0.7884658706915972,0.7648139418801118,4439,0.8713753148953028,0.7810678479832128,0.7574895157303547,4289,226.37202664129404,0.00441750694569955,0.017178259645170373,0.3280765981413686,0.6719234018586313,0.015459209680557251,converged_objective,0.6843189131468534,84,176
complete,clipart_to_product,clipart,product,1,wasserstein_uniform,1e-05,,2.2345602847635746,,,/home/bgg7950/astro-active-learning/results/domain_adaptation/officehome_frozen/campaigns/round1_150q/runs/clipart_to_product/seed_1/wasserstein_uniform/run_record.json,1.0547609861129827,0.7218468468468469,0.6951760148771342,888,1.0603016039801065,0.7292182924082,0.7066639187181406,4439,1.0862368908469109,0.7206808113779436,0.6979226899751751,4289,4514.999999999984,0.00022148394241417577,0.00022148394241417493,0.9667774086378734,0.03322259136212624,2.7472153306007385e-05,converged_objective,1.1806916948407888,122,254
complete,clipart_to_product,clipart,product,2,random_regularized_wasserstein,1e-05,10.0,1.8724427241832018,,,/home/bgg7950/astro-active-learning/results/domain_adaptation/officehome_frozen/campaigns/round1_150q/runs/clipart_to_product/seed_2/random_regularized_wasserstein/lambda_10/run_record.json,1.0903798419036792,0.722972972972973,0.699151637439325,888,0.985517452758781,0.7413831944131561,0.7174267432061305,4439,1.0166669158295556,0.7323385404523199,0.7089802580056931,4289,620.1556946920575,0.0016124982944751586,0.006653960495947005,0.6584808948710449,0.3415191051289551,0.05518799461424351,converged_objective,0.9417889043688774,106,222
complete,clipart_to_product,clipart,product,2,random_uniform,1e-05,,2.107611395418644,,,/home/bgg7950/astro-active-learning/results/domain_adaptation/officehome_frozen/campaigns/round1_150q/runs/clipart_to_product/seed_2/random_uniform/run_record.json,1.258258387950424,0.670045045045045,0.6511696028694124,888,1.1442982511104212,0.6997071412480288,0.6795554420299948,4439,1.1706892330309395,0.6910701795290277,0.6711994277310807,4289,4514.999999999984,0.00022148394241417577,0.00022148394241417493,0.9667774086378734,0.03322259136212624,2.8312206268310547e-05,converged_objective,1.1523399949073792,123,253
complete,clipart_to_product,clipart,product,2,source_only_uniform,1e-05,,2.043342126533389,,,/home/bgg7950/astro-active-learning/results/domain_adaptation/officehome_frozen/campaigns/round1_150q/runs/clipart_to_product/seed_2/source_only_uniform/run_record.json,1.472274130447951,0.6126126126126126,0.5936818958210957,888,1.3897034219169704,0.6368551475557558,0.6184961833381856,4439,1.3897034219169704,0.6368551475557558,0.6184961833381856,4439,4364.999999999989,0.00022909507445589977,0.0002290950744558992,1.0,0.0,2.3074448108673096e-05,converged_objective,1.196917587891221,127,263
complete,clipart_to_product,clipart,product,2,wasserstein_hard_voronoi,1e-05,,1.5735423248261213,,,/home/bgg7950/astro-active-learning/results/domain_adaptation/officehome_frozen/campaigns/round1_150q/runs/clipart_to_product/seed_2/wasserstein_hard_voronoi/run_record.json,0.9216946581670413,0.7556306306306306,0.7258343027008186,888,0.8351013780865266,0.7931966659157468,0.7670029617149537,4439,0.8629423693201798,0.7859640941944509,0.7597080517768948,4289,229.186299278431,0.004363262564771084,0.01633342720360462,0.32047310616727687,0.6795268938327232,0.015357056632637978,converged_objective,0.6821990199387074,85,176
complete,clipart_to_product,clipart,product,2,wasserstein_uniform,1e-05,,2.2767154686152935,,,/home/bgg7950/astro-active-learning/results/domain_adaptation/officehome_frozen/campaigns/round1_150q/runs/clipart_to_product/seed_2/wasserstein_uniform/run_record.json,1.1719413357823023,0.6835585585585585,0.66454286703215,888,1.0573109877437303,0.7258391529623789,0.7061365199425693,4439,1.0826714870970142,0.7174166472371182,0.6975087544872303,4289,4514.999999999984,0.00022148394241417577,0.00022148394241417493,0.9667774086378734,0.03322259136212624,2.4616718292236328e-05,converged_objective,1.2450507152825594,129,266
complete,clipart_to_product,clipart,product,3,random_regularized_wasserstein,1e-05,10.0,1.9473164230585098,,,/home/bgg7950/astro-active-learning/results/domain_adaptation/officehome_frozen/campaigns/round1_150q/runs/clipart_to_product/seed_3/random_regularized_wasserstein/lambda_10/run_record.json,0.9480605688237915,0.7601351351351351,0.7377820953886683,888,0.9315787787271076,0.7630096868664114,0.7394874622937513,4439,0.9606001091968861,0.7547213802751224,0.7311450111447154,4289,597.4793619748573,0.0016736979779430128,0.0079224295600094,0.6580807026764142,0.34191929732358584,0.05520000867545605,converged_objective,0.9348062444478273,109,226
complete,clipart_to_product,clipart,product,3,random_uniform,1e-05,,2.224386064335704,,,/home/bgg7950/astro-active-learning/results/domain_adaptation/officehome_frozen/campaigns/round1_150q/runs/clipart_to_product/seed_3/random_uniform/run_record.json,1.1354667094234088,0.7162162162162162,0.6965317566585725,888,1.10350304517882,0.7172786663662987,0.6944864141693391,4439,1.1267423294718208,0.7087899277220797,0.6855484418052884,4289,4514.999999999984,0.00022148394241417577,0.00022148394241417493,0.9667774086378734,0.03322259136212624,2.682209014892578e-05,converged_objective,1.2449104692786932,129,266
complete,clipart_to_product,clipart,product,3,source_only_uniform,1e-05,,2.0821897871792316,,,/home/bgg7950/astro-active-learning/results/domain_adaptation/officehome_frozen/campaigns/round1_150q/runs/clipart_to_product/seed_3/source_only_uniform/run_record.json,1.4061585087530113,0.6509009009009009,0.6362876281851038,888,1.3897034219169704,0.6368551475557558,0.6184961833381856,4439,1.3897034219169704,0.6368551475557558,0.6184961833381856,4439,4364.999999999989,0.00022909507445589977,0.0002290950744558992,1.0,0.0,2.5328248739242554e-05,converged_objective,1.2152502164244652,127,263
complete,clipart_to_product,clipart,product,3,wasserstein_hard_voronoi,1e-05,,1.5805656667798758,,,/home/bgg7950/astro-active-learning/results/domain_adaptation/officehome_frozen/campaigns/round1_150q/runs/clipart_to_product/seed_3/wasserstein_hard_voronoi/run_record.json,0.8535412133967333,0.7804054054054054,0.76418343874643,888,0.8681910340543065,0.7855372831718855,0.7665859644968389,4439,0.8972659453947767,0.778036838423875,0.7591259762767533,4289,230.0308480945692,0.0043472430253740785,0.01379892987890735,0.3306110954660659,0.6693889045339341,0.015377415344119072,converged_objective,0.6861783936619759,85,176
complete,clipart_to_product,clipart,product,3,wasserstein_uniform,1e-05,,2.271759806200862,,,/home/bgg7950/astro-active-learning/results/domain_adaptation/officehome_frozen/campaigns/round1_150q/runs/clipart_to_product/seed_3/wasserstein_uniform/run_record.json,1.0978358059428504,0.7128378378378378,0.6963859940038793,888,1.0755205331971616,0.7213336337012841,0.7022423405999498,4439,1.102462360085296,0.7125204010258802,0.6929516432289482,4289,4514.999999999984,0.00022148394241417577,0.00022148394241417493,0.9667774086378734,0.03322259136212624,2.6632100343704224e-05,converged_objective,1.1588496323674917,122,249
complete,clipart_to_product,clipart,product,4,random_regularized_wasserstein,1e-05,10.0,2.0476891677826643,,,/home/bgg7950/astro-active-learning/results/domain_adaptation/officehome_frozen/campaigns/round1_150q/runs/clipart_to_product/seed_4/random_regularized_wasserstein/lambda_10/run_record.json,0.989402054535349,0.7443693693693694,0.7107783365320874,888,0.9640487289784172,0.7474656454156342,0.713641498021124,4439,0.9945137384601579,0.7386337141524831,0.7063515509718532,4289,595.5828870386875,0.0016790274229874615,0.009418951221267964,0.6529596113675594,0.3470403886324406,0.056301992386579514,converged_objective,1.0095207821577787,107,222
complete,clipart_to_product,clipart,product,4,random_uniform,1e-05,,2.1608464512974024,,,/home/bgg7950/astro-active-learning/results/domain_adaptation/officehome_frozen/campaigns/round1_150q/runs/clipart_to_product/seed_4/random_uniform/run_record.json,1.144264686442422,0.7038288288288288,0.6710014132489722,888,1.1361167356971522,0.7080423518810542,0.6807649349027194,4439,1.1628706205836215,0.6987642807181161,0.6729741648493234,4289,4514.999999999984,0.00022148394241417577,0.00022148394241417493,0.9667774086378734,0.03322259136212624,3.2451003789901733e-05,converged_objective,1.1965884007513523,132,270
complete,clipart_to_product,clipart,product,4,source_only_uniform,1e-05,,2.128569547086954,,,/home/bgg7950/astro-active-learning/results/domain_adaptation/officehome_frozen/campaigns/round1_150q/runs/clipart_to_product/seed_4/source_only_uniform/run_record.json,1.3677119071449408,0.6452702702702703,0.6179061331222561,888,1.3897034219169704,0.6368551475557558,0.6184961833381856,4439,1.3897034219169704,0.6368551475557558,0.6184961833381856,4439,4364.999999999989,0.00022909507445589977,0.0002290950744558992,1.0,0.0,2.2541731595993042e-05,converged_objective,1.2618350479751825,127,263
complete,clipart_to_product,clipart,product,4,wasserstein_hard_voronoi,1e-05,,1.6321432944387197,,,/home/bgg7950/astro-active-learning/results/domain_adaptation/officehome_frozen/campaigns/round1_150q/runs/clipart_to_product/seed_4/wasserstein_hard_voronoi/run_record.json,0.9005096694243202,0.7792792792792793,0.758238456391588,888,0.8788377773088814,0.7810317639107908,0.7633607731478709,4439,0.9082018564263843,0.7733737467941245,0.7558278354144038,4289,223.0090550554445,0.004484122852102934,0.016615038017459872,0.3356800901154605,0.6643199098845396,0.015343058854341507,converged_objective,0.7418759874999523,87,181
complete,clipart_to_product,clipart,product,4,wasserstein_uniform,1e-05,,2.36455855704844,,,/home/bgg7950/astro-active-learning/results/domain_adaptation/officehome_frozen/campaigns/round1_150q/runs/clipart_to_product/seed_4/wasserstein_uniform/run_record.json,1.0864354989896103,0.7218468468468469,0.6977704974763799,888,1.0792100401615625,0.7238116692948863,0.7062297547370792,4439,1.105781832073321,0.7150851014222429,0.6974379360829527,4289,4514.999999999984,0.00022148394241417577,0.00022148394241417493,0.9667774086378734,0.03322259136212624,2.6280060410499573e-05,converged_objective,1.3268316108733416,131,271
complete,clipart_to_real_world,clipart,real_world,0,random_regularized_wasserstein,1e-05,10.0,1.9236542023718357,,,/home/bgg7950/astro-active-learning/results/domain_adaptation/officehome_frozen/campaigns/round1_150q/runs/clipart_to_real_world/seed_0/random_regularized_wasserstein/lambda_10/run_record.json,0.9679968828011842,0.7488532110091743,0.7300500979531701,872,0.9596279289696025,0.7440899701629562,0.7254339410440865,4357,0.9908492433737974,0.7349655336344189,0.7176562100552749,4207,729.1437905471049,0.0013714715985576195,0.005755839472019486,0.7127067200387243,0.2872932799612756,0.07171564735472202,converged_objective,0.8895335979759693,106,219
complete,clipart_to_real_world,clipart,real_world,0,random_regularized_wasserstein,1e-05,100.0,2.8379602264612913,,,/home/bgg7950/astro-active-learning/results/domain_adaptation/officehome_frozen/campaigns/round1_150q/runs/clipart_to_real_world/seed_0/random_regularized_wasserstein/lambda_100/run_record.json,0.9617241773660115,0.7465596330275229,0.7257288005186314,872,0.9723055907545295,0.7372044985081478,0.7177597922954303,4357,1.002222646131213,0.7278345614452104,0.709428523838255,4207,2304.240850416114,0.00043398241109188473,0.001883937290455062,0.8798829692190607,0.1201170307809393,0.7249292675405741,converged_objective,1.1449117753654718,121,252
complete,clipart_to_real_world,clipart,real_world,0,random_regularized_wasserstein,1e-05,1000.0,3.408613806590438,,,/home/bgg7950/astro-active-learning/results/domain_adaptation/officehome_frozen/campaigns/round1_150q/runs/clipart_to_real_world/seed_0/random_regularized_wasserstein/lambda_1000/run_record.json,1.030705090900981,0.7327981651376146,0.7120464785670787,872,1.0433626223033843,0.7225154923112234,0.7034015763891499,4357,1.0714519011352026,0.7128595198478725,0.6946023131661877,4207,4342.958203126076,0.00023025779969058802,0.0005358959180973269,0.9507858021359044,0.04921419786409561,1.2252550553530455,converged_objective,1.1881958693265915,125,257
complete,clipart_to_real_world,clipart,real_world,0,random_regularized_wasserstein,1e-05,10000.0,3.0301839392632246,,,/home/bgg7950/astro-active-learning/results/domain_adaptation/officehome_frozen/campaigns/round1_150q/runs/clipart_to_real_world/seed_0/random_regularized_wasserstein/lambda_10000/run_record.json,1.058445636053714,0.7247706422018348,0.7053472313587817,872,1.0718800383035292,0.7147119577691072,0.695918135011244,4357,1.0987266689514166,0.7054908485856906,0.6874669122558462,4207,4512.06055602034,0.00022162823117826346,0.00026353067750911564,0.9641225645405372,0.03587743545946288,0.9184822700917721,converged_objective,1.2345866840332747,128,263
complete,clipart_to_real_world,clipart,real_world,0,random_uniform,1e-05,,2.440761746838689,,,/home/bgg7950/astro-active-learning/results/domain_adaptation/officehome_frozen/campaigns/round1_150q/runs/clipart_to_real_world/seed_0/random_uniform/run_record.json,1.0640291320254929,0.7213302752293578,0.7025175610291113,872,1.0780951033218813,0.7126463162726647,0.6940471757930401,4357,1.1045451395235186,0.7035892560019016,0.6858032081144597,4207,4514.999999999984,0.00022148394241417577,0.00022148394241417493,0.9667774086378734,0.03322259136212624,2.4607405066490173e-05,converged_objective,1.2602448631078005,129,266
complete,clipart_to_real_world,clipart,real_world,0,source_only_uniform,1e-05,,2.3569496385753155,,,/home/bgg7950/astro-active-learning/results/domain_adaptation/officehome_frozen/campaigns/round1_150q/runs/clipart_to_real_world/seed_0/source_only_uniform/run_record.json,1.2218821828350988,0.6743119266055045,0.6571042049030855,872,1.2739986446064342,0.6637594675235253,0.6450044555675161,4357,1.2739986446064342,0.6637594675235253,0.6450044555675161,4357,4364.999999999989,0.00022909507445589977,0.0002290950744558992,1.0,0.0,2.446770668029785e-05,converged_objective,1.2341028116643429,127,263
complete,clipart_to_real_world,clipart,real_world,0,wasserstein_hard_voronoi,1e-05,,1.6898877155035734,,,/home/bgg7950/astro-active-learning/results/domain_adaptation/officehome_frozen/campaigns/round1_150q/runs/clipart_to_real_world/seed_0/wasserstein_hard_voronoi/run_record.json,0.9545873387865501,0.7660550458715596,0.7457212493256791,872,0.9124826273720904,0.7711728253385357,0.7507156909960113,4357,0.9437989291597552,0.7630140242453054,0.7432297314889204,4207,278.9632955876611,0.0035847009833082544,0.013773314203730272,0.38450502152080346,0.6154949784791965,0.015473295003175735,converged_objective,0.678732244297862,84,174
complete,clipart_to_real_world,clipart,real_world,0,wasserstein_uniform,1e-05,,2.39526579529047,,,/home/bgg7950/astro-active-learning/results/domain_adaptation/officehome_frozen/campaigns/round1_150q/runs/clipart_to_real_world/seed_0/wasserstein_uniform/run_record.json,1.0302340369376444,0.75,0.7322692434844137,872,1.0465596362928036,0.7261877438604545,0.7081840628098665,4357,1.0745476520916855,0.7173758022343713,0.6994836910076607,4207,4514.999999999984,0.00022148394241417577,0.00022148394241417493,0.9667774086378734,0.03322259136212624,2.5238841772079468e-05,converged_objective,1.2084641177207232,124,256
complete,clipart_to_real_world,clipart,real_world,1,random_regularized_wasserstein,1e-05,10.0,1.8515820670872927,,,/home/bgg7950/astro-active-learning/results/domain_adaptation/officehome_frozen/campaigns/round1_150q/runs/clipart_to_real_world/seed_1/random_regularized_wasserstein/lambda_10/run_record.json,0.9786599461792763,0.7385321100917431,0.7178189442401159,872,0.9584496127096299,0.7429423915538215,0.724530667406134,4357,0.9896636440074716,0.7337770382695508,0.7164722795100845,4207,706.0193634129498,0.0014163917476227932,0.006840893660660827,0.687304348997336,0.31269565100266417,0.05588671565055847,converged_objective,0.9095918107777834,108,223
complete,clipart_to_real_world,clipart,real_world,1,random_uniform,1e-05,,2.257833555340767,,,/home/bgg7950/astro-active-learning/results/domain_adaptation/officehome_frozen/campaigns/round1_150q/runs/clipart_to_real_world/seed_1/random_uniform/run_record.json,1.0900061468122875,0.7006880733944955,0.6809817234841049,872,1.084198809842273,0.7108101904980492,0.6928486176831001,4357,1.1120549764739485,0.7009745661991919,0.6839383733363935,4207,4514.999999999984,0.00022148394241417577,0.00022148394241417493,0.9667774086378734,0.03322259136212624,2.643279731273651e-05,converged_objective,1.278943033888936,130,267
complete,clipart_to_real_world,clipart,real_world,1,source_only_uniform,1e-05,,2.079166252166033,,,/home/bgg7950/astro-active-learning/results/domain_adaptation/officehome_frozen/campaigns/round1_150q/runs/clipart_to_real_world/seed_1/source_only_uniform/run_record.json,1.254947190206933,0.658256880733945,0.6404290317525612,872,1.2739986446064342,0.6637594675235253,0.6450044555675161,4357,1.2739986446064342,0.6637594675235253,0.6450044555675161,4357,4364.999999999989,0.00022909507445589977,0.0002290950744558992,1.0,0.0,2.300366759300232e-05,converged_objective,1.2357016429305077,127,263
complete,clipart_to_real_world,clipart,real_world,1,wasserstein_hard_voronoi,1e-05,,1.5632136762142181,,,/home/bgg7950/astro-active-learning/results/domain_adaptation/officehome_frozen/campaigns/round1_150q/runs/clipart_to_real_world/seed_1/wasserstein_hard_voronoi/run_record.json,0.9009272188758394,0.7649082568807339,0.7357373631766345,872,0.9046101502080061,0.7691071838420932,0.7479908768171625,4357,0.9356207673293429,0.7608747325885429,0.7399288400082084,4207,266.51214588224974,0.003752174208382306,0.01606886657101865,0.37819225251076044,0.6218077474892396,0.015410246327519417,converged_objective,0.6600495371967554,82,169
complete,clipart_to_real_world,clipart,real_world,1,wasserstein_uniform,1e-05,,2.408726181834936,,,/home/bgg7950/astro-active-learning/results/domain_adaptation/officehome_frozen/campaigns/round1_150q/runs/clipart_to_real_world/seed_1/wasserstein_uniform/run_record.json,1.0392304641116383,0.7282110091743119,0.7120016823297367,872,1.0549814546597607,0.7225154923112234,0.7043646899492026,4357,1.0842909191499546,0.712621820774899,0.6941412591223808,4207,4514.999999999984,0.00022148394241417577,0.00022148394241417493,0.9667774086378734,0.03322259136212624,2.6911497116088867e-05,converged_objective,1.292961124330759,131,267
complete,clipart_to_real_world,clipart,real_world,2,random_regularized_wasserstein,1e-05,10.0,1.957495728507638,,,/home/bgg7950/astro-active-learning/results/domain_adaptation/officehome_frozen/campaigns/round1_150q/runs/clipart_to_real_world/seed_2/random_regularized_wasserstein/lambda_10/run_record.json,0.9847634830964661,0.7339449541284404,0.7029561630716666,872,0.9877083484366272,0.736745467064494,0.712208929590062,4357,1.0193287503862596,0.7273591632992631,0.702981933132139,4207,722.5029468457047,0.0013840773997750304,0.008806480404516108,0.71159897952823,0.28840102047176996,0.042744044214487076,converged_objective,1.0499912276864052,118,246
complete,clipart_to_real_world,clipart,real_world,2,random_uniform,1e-05,,2.1927002631127834,,,/home/bgg7950/astro-active-learning/results/domain_adaptation/officehome_frozen/campaigns/round1_150q/runs/clipart_to_real_world/seed_2/random_uniform/run_record.json,1.112293323660996,0.6892201834862385,0.6630641034761062,872,1.116409308885169,0.70323617167776,0.6835717607519431,4357,1.1454729499947902,0.6931304967910625,0.6736884916467332,4207,4514.999999999984,0.00022148394241417577,0.00022148394241417493,0.9667774086378734,0.03322259136212624,2.568960189819336e-05,converged_objective,1.245223943144083,130,266
complete,clipart_to_real_world,clipart,real_world,2,source_only_uniform,1e-05,,2.0503140036016703,,,/home/bgg7950/astro-active-learning/results/domain_adaptation/officehome_frozen/campaigns/round1_150q/runs/clipart_to_real_world/seed_2/source_only_uniform/run_record.json,1.2428012074151353,0.6674311926605505,0.6456890263159614,872,1.2739986446064342,0.6637594675235253,0.6450044555675161,4357,1.2739986446064342,0.6637594675235253,0.6450044555675161,4357,4364.999999999989,0.00022909507445589977,0.0002290950744558992,1.0,0.0,2.4918466806411743e-05,converged_objective,1.1725561432540417,127,263
complete,clipart_to_real_world,clipart,real_world,2,wasserstein_hard_voronoi,1e-05,,1.5276409201323986,,,/home/bgg7950/astro-active-learning/results/domain_adaptation/officehome_frozen/campaigns/round1_150q/runs/clipart_to_real_world/seed_2/wasserstein_hard_voronoi/run_record.json,0.9135979517917009,0.7717889908256881,0.7427964114687144,872,0.9215861735427294,0.7693366995639201,0.7468799815695756,4357,0.9532027652805333,0.7611124316615165,0.7389427978523142,4207,284.61146392332404,0.003513561914250249,0.012912482065997127,0.39311334289813477,0.606886657101865,0.01553456299006939,converged_objective,0.6464786119759083,82,169
complete,clipart_to_real_world,clipart,real_world,2,wasserstein_uniform,1e-05,,2.2441581282764673,,,/home/bgg7950/astro-active-learning/results/domain_adaptation/officehome_frozen/campaigns/round1_150q/runs/clipart_to_real_world/seed_2/wasserstein_uniform/run_record.json,1.0427159249152134,0.7121559633027523,0.6898672123832876,872,1.0506290098845403,0.7204498508147809,0.701642187922217,4357,1.0796238140053247,0.71072022819111,0.6915207996638328,4207,4514.999999999984,0.00022148394241417577,0.00022148394241417493,0.9667774086378734,0.03322259136212624,2.7554109692573547e-05,converged_objective,1.2157206814736128,127,258
complete,clipart_to_real_world,clipart,real_world,3,random_regularized_wasserstein,1e-05,10.0,1.9571994338184595,,,/home/bgg7950/astro-active-learning/results/domain_adaptation/officehome_frozen/campaigns/round1_150q/runs/clipart_to_real_world/seed_3/random_regularized_wasserstein/lambda_10/run_record.json,1.0373218042836188,0.7075688073394495,0.6884221149177092,872,0.9584121058425962,0.7454670644939179,0.7247843690823487,4357,0.9891137961471296,0.7363917280722605,0.7167485179301032,4207,755.6227557255394,0.001323411705672909,0.006936286148633298,0.721379288583832,0.27862071141616795,0.04969211667776108,converged_objective,1.0132442489266396,111,232
complete,clipart_to_real_world,clipart,real_world,3,random_uniform,1e-05,,2.1467808559536934,,,/home/bgg7950/astro-active-learning/results/domain_adaptation/officehome_frozen/campaigns/round1_150q/runs/clipart_to_real_world/seed_3/random_uniform/run_record.json,1.1585425805259624,0.6880733944954128,0.6663139453095396,872,1.0735744192310035,0.7140234106036264,0.6935306764952336,4357,1.1000138159294124,0.704540052293796,0.684941847253795,4207,4514.999999999984,0.00022148394241417577,0.00022148394241417493,0.9667774086378734,0.03322259136212624,2.644956111907959e-05,converged_objective,1.1800856720656157,130,267
complete,clipart_to_real_world,clipart,real_world,3,source_only_uniform,1e-05,,2.021874651312828,,,/home/bgg7950/astro-active-learning/results/domain_adaptation/officehome_frozen/campaigns/round1_150q/runs/clipart_to_real_world/seed_3/source_only_uniform/run_record.json,1.3488892622035817,0.6376146788990825,0.6220565046606961,872,1.2739986446064342,0.6637594675235253,0.6450044555675161,4357,1.2739986446064342,0.6637594675235253,0.6450044555675161,4357,4364.999999999989,0.00022909507445589977,0.0002290950744558992,1.0,0.0,2.417527139186859e-05,converged_objective,1.1416119486093521,127,263
complete,clipart_to_real_world,clipart,real_world,3,wasserstein_hard_voronoi,1e-05,,1.5254681874066591,,,/home/bgg7950/astro-active-learning/results/domain_adaptation/officehome_frozen/campaigns/round1_150q/runs/clipart_to_real_world/seed_3/wasserstein_hard_voronoi/run_record.json,0.9793488236335096,0.7557339449541285,0.7296201191045202,872,0.9144855609022693,0.7691071838420932,0.7455038548210511,4357,0.9459300819898241,0.7608747325885429,0.7382234732526175,4207,271.43200357581856,0.0036841639409726863,0.014347202295552369,0.37589670014347204,0.624103299856528,0.015492644160985947,converged_objective,0.6207412537187338,84,178
complete,clipart_to_real_world,clipart,real_world,3,wasserstein_uniform,1e-05,,2.2123049311339855,,,/home/bgg7950/astro-active-learning/results/domain_adaptation/officehome_frozen/campaigns/round1_150q/runs/clipart_to_real_world/seed_3/wasserstein_uniform/run_record.json,1.143330841523495,0.6961009174311926,0.6792408449558961,872,1.0556404255561307,0.7248106495294928,0.7062633508040537,4357,1.085256238374992,0.7154742096505824,0.6973214072505273,4207,4514.999999999984,0.00022148394241417577,0.00022148394241417493,0.9667774086378734,0.03322259136212624,2.6321038603782654e-05,converged_objective,1.1443516220897436,127,261
complete,clipart_to_real_world,clipart,real_world,4,random_regularized_wasserstein,1e-05,10.0,1.9323549922555685,,,/home/bgg7950/astro-active-learning/results/domain_adaptation/officehome_frozen/campaigns/round1_150q/runs/clipart_to_real_world/seed_4/random_regularized_wasserstein/lambda_10/run_record.json,0.940875374156752,0.7442660550458715,0.7208994970920429,872,1.0029853265814843,0.736745467064494,0.7132477536091388,4357,1.0354309794473473,0.7273591632992631,0.7053971657991848,4207,758.5428750869733,0.0013183170429032658,0.0069632802119321945,0.721373520484665,0.27862647951533503,0.05656293220818043,converged_objective,0.9752349741756916,104,218
complete,clipart_to_real_world,clipart,real_world,4,random_uniform,1e-05,,2.2706818468868732,,,/home/bgg7950/astro-active-learning/results/domain_adaptation/officehome_frozen/campaigns/round1_150q/runs/clipart_to_real_world/seed_4/random_uniform/run_record.json,1.0428487431730167,0.7270642201834863,0.7080315882286591,872,1.1080785645107858,0.7144824420472803,0.6936855614896977,4357,1.1371956023545406,0.7050154504397432,0.6855734714190406,4207,4514.999999999984,0.00022148394241417577,0.00022148394241417493,0.9667774086378734,0.03322259136212624,2.5929883122444153e-05,converged_objective,1.2918373253196478,129,269
complete,clipart_to_real_world,clipart,real_world,4,source_only_uniform,1e-05,,2.115958157926798,,,/home/bgg7950/astro-active-learning/results/domain_adaptation/officehome_frozen/campaigns/round1_150q/runs/clipart_to_real_world/seed_4/source_only_uniform/run_record.json,1.1878099102989637,0.6926605504587156,0.6741566333695411,872,1.2739986446064342,0.6637594675235253,0.6450044555675161,4357,1.2739986446064342,0.6637594675235253,0.6450044555675161,4357,4364.999999999989,0.00022909507445589977,0.0002290950744558992,1.0,0.0,2.1941959857940674e-05,converged_objective,1.255613137036562,127,263
complete,clipart_to_real_world,clipart,real_world,4,wasserstein_hard_voronoi,1e-05,,1.5934913158416748,,,/home/bgg7950/astro-active-learning/results/domain_adaptation/officehome_frozen/campaigns/round1_150q/runs/clipart_to_real_world/seed_4/wasserstein_hard_voronoi/run_record.json,0.8489911762223563,0.7786697247706422,0.7548897705982726,872,0.8931544946581574,0.774156529722286,0.7509075335734178,4357,0.923806616517515,0.7661041121939625,0.7431064893761251,4207,275.8335036678704,0.003625375404737252,0.014347202295552367,0.3810616929698709,0.6189383070301291,0.015475451946258545,converged_objective,0.6967975702136755,84,173
complete,clipart_to_real_world,clipart,real_world,4,wasserstein_uniform,1e-05,,2.375485371798277,,,/home/bgg7950/astro-active-learning/results/domain_adaptation/officehome_frozen/campaigns/round1_150q/runs/clipart_to_real_world/seed_4/wasserstein_uniform/run_record.json,0.9800518995816314,0.7442660550458715,0.7235356568096506,872,1.0430158671995744,0.7254991966949736,0.7061521394131725,4357,1.071659337198457,0.7161873068695032,0.6966268808862689,4207,4514.999999999984,0.00022148394241417577,0.00022148394241417493,0.9667774086378734,0.03322259136212624,2.6961788535118103e-05,converged_objective,1.3054589852690697,129,268
complete,product_to_art,product,art,0,random_regularized_wasserstein,1e-05,10.0,1.517454955726862,,,/home/bgg7950/astro-active-learning/results/domain_adaptation/officehome_frozen/campaigns/round1_150q/runs/product_to_art/seed_0/random_regularized_wasserstein/lambda_10/run_record.json,1.3867906516440618,0.6584362139917695,0.6021062271062271,486,1.334225667261022,0.6596621343222084,0.6107430374403778,2427,1.415945879151634,0.6372419850680721,0.5880647327257589,2277,908.744427855145,0.0011004194021417442,0.005353926157127763,0.7540970742829676,0.24590292571703234,0.03950132429599762,converged_objective,0.7916234415024519,98,202
complete,product_to_art,product,art,0,random_regularized_wasserstein,1e-05,100.0,2.218914909288287,,,/home/bgg7950/astro-active-learning/results/domain_adaptation/officehome_frozen/campaigns/round1_150q/runs/product_to_art/seed_0/random_regularized_wasserstein/lambda_100/run_record.json,1.4038382428357452,0.6481481481481481,0.5979426129426129,486,1.3563970290063643,0.6534816646065101,0.6114742301596727,2427,1.4364179394584538,0.6306543697848046,0.5882795200889716,2277,2548.0126203850364,0.00039246273428931744,0.001461991136183219,0.8855880858285021,0.11441191417149779,0.6260292287915945,converged_objective,0.8733525853604078,104,214
complete,product_to_art,product,art,0,random_regularized_wasserstein,1e-05,1000.0,2.9224316608160734,,,/home/bgg7950/astro-active-learning/results/domain_adaptation/officehome_frozen/campaigns/round1_150q/runs/product_to_art/seed_0/random_regularized_wasserstein/lambda_1000/run_record.json,1.4244670619585322,0.6502057613168725,0.592069597069597,486,1.389896918621722,0.6518335393489906,0.60813291304067,2427,1.4677805219044167,0.6288976723759332,0.584647307881654,2277,4321.798671909484,0.00023138514213994464,0.0006190620926906895,0.9337625458285551,0.06623745417144487,1.4133565090596676,converged_objective,0.8160997219383717,101,206
complete,product_to_art,product,art,0,random_regularized_wasserstein,1e-05,10000.0,2.664577331393957,,,/home/bgg7950/astro-active-learning/results/domain_adaptation/officehome_frozen/campaigns/round1_150q/runs/product_to_art/seed_0/random_regularized_wasserstein/lambda_10000/run_record.json,1.4529125968776653,0.6440329218106996,0.5897069597069596,486,1.426003406903532,0.6489493201483313,0.6064038396414201,2427,1.4988391269483305,0.6262626262626263,0.5830866625473234,2277,4583.637883335961,0.00021816732155817732,0.0002655500970307478,0.9621217506577482,0.037878249342251875,1.1784358229488134,converged_objective,0.8043127376586199,95,198
complete,product_to_art,product,art,0,random_uniform,1e-05,,1.6152214892208576,,,/home/bgg7950/astro-active-learning/results/domain_adaptation/officehome_frozen/campaigns/round1_150q/runs/product_to_art/seed_0/random_uniform/run_record.json,1.460741003042781,0.6440329218106996,0.5897069597069596,486,1.4362533176315087,0.646065100947672,0.6040644733234143,2427,1.5071098910556793,0.6231884057971014,0.580536450502931,2277,4589.000000000016,0.00021791239921551458,0.00021791239921551526,0.9673131401176722,0.03268685988232729,2.298317849636078e-05,converged_objective,0.8443554528057575,98,203
complete,product_to_art,product,art,0,source_only_uniform,1e-05,,5.496424963697791,,,/home/bgg7950/astro-active-learning/results/domain_adaptation/officehome_frozen/campaigns/round1_150q/runs/product_to_art/seed_0/source_only_uniform/run_record.json,1.6581463694018892,0.5802469135802469,0.5489499389499389,486,1.7158422439712082,0.5657189946435929,0.5425763228578002,2427,1.7158422439712082,0.5657189946435929,0.5425763228578002,2427,4439.000000000019,0.0002252759630547411,0.00022527596305474206,1.0,0.0,2.0198523998260498e-05,converged_objective,0.814669830724597,95,195
complete,product_to_art,product,art,0,wasserstein_hard_voronoi,1e-05,,1.3625239226967096,,,/home/bgg7950/astro-active-learning/results/domain_adaptation/officehome_frozen/campaigns/round1_150q/runs/product_to_art/seed_0/wasserstein_hard_voronoi/run_record.json,1.3884576025871316,0.6234567901234568,0.5473321123321123,486,1.3232575673163698,0.6580140090646889,0.5856343477181241,2427,1.4072290358520925,0.6354852876592006,0.5678718492986613,2277,355.59046720151025,0.0028122238705384304,0.010819165378670788,0.512107161257084,0.487892838742916,0.012236976996064186,converged_objective,0.6107228677719831,81,166
complete,product_to_art,product,art,0,wasserstein_uniform,1e-05,,1.7891342341899872,,,/home/bgg7950/astro-active-learning/results/domain_adaptation/officehome_frozen/campaigns/round1_150q/runs/product_to_art/seed_0/wasserstein_uniform/run_record.json,1.4164837736043616,0.6399176954732511,0.584545177045177,486,1.3866734435487258,0.6526576019777504,0.6002826658885003,2427,1.4558505344987842,0.6297760210803689,0.5812818521539597,2277,4589.000000000016,0.00021791239921551458,0.00021791239921551526,0.9673131401176722,0.03268685988232729,2.3184344172477722e-05,converged_objective,0.8560918569564819,98,202
complete,product_to_art,product,art,1,random_regularized_wasserstein,1e-05,10.0,1.5246693156659603,,,/home/bgg7950/astro-active-learning/results/domain_adaptation/officehome_frozen/campaigns/round1_150q/runs/product_to_art/seed_1/random_regularized_wasserstein/lambda_10/run_record.json,1.409222054450053,0.6502057613168725,0.5917246642246642,486,1.319499665125771,0.6662546353522868,0.6229540196022645,2427,1.399010168619934,0.6442687747035574,0.5968397200122981,2277,1074.2228188970505,0.00093090556484989,0.0054950465242121875,0.7741722540295535,0.2258277459704465,0.031386349350214005,converged_objective,0.7964046504348516,93,192
complete,product_to_art,product,art,1,random_uniform,1e-05,,1.5894074365496635,,,/home/bgg7950/astro-active-learning/results/domain_adaptation/officehome_frozen/campaigns/round1_150q/runs/product_to_art/seed_1/random_uniform/run_record.json,1.49043898647132,0.6234567901234568,0.579139194139194,486,1.4222339447279093,0.6419447878038731,0.6059820830682838,2427,1.4913512994881075,0.6187966622749231,0.5779912536450326,2277,4589.000000000016,0.00021791239921551458,0.00021791239921551526,0.9673131401176722,0.03268685988232729,2.7460977435112e-05,converged_objective,0.7958564963191748,93,191
complete,product_to_art,product,art,1,source_only_uniform,1e-05,,5.434406317770481,,,/home/bgg7950/astro-active-learning/results/domain_adaptation/officehome_frozen/campaigns/round1_150q/runs/product_to_art/seed_1/source_only_uniform/run_record.json,1.7048685906167083,0.565843621399177,0.5391300366300367,486,1.7158422439712082,0.5657189946435929,0.5425763228578002,2427,1.7158422439712082,0.5657189946435929,0.5425763228578002,2427,4439.000000000019,0.0002252759630547411,0.00022527596305474206,1.0,0.0,2.170354127883911e-05,converged_objective,0.8112802002578974,95,195
complete,product_to_art,product,art,1,wasserstein_hard_voronoi,1e-05,,1.389495873823762,,,/home/bgg7950/astro-active-learning/results/domain_adaptation/officehome_frozen/campaigns/round1_150q/runs/product_to_art/seed_1/wasserstein_hard_voronoi/run_record.json,1.3902113440696795,0.6275720164609053,0.5507142857142857,486,1.3077040908295285,0.6592501030078286,0.5884097580209853,2427,1.3905012386486408,0.6368028107158542,0.5698525601216401,2277,363.340823608834,0.002752236839416045,0.010819165378670788,0.5079855744461618,0.49201442555383823,0.012081602588295937,converged_objective,0.6774023827165365,83,170
complete,product_to_art,product,art,1,wasserstein_uniform,1e-05,,1.7069289460778236,,,/home/bgg7950/astro-active-learning/results/domain_adaptation/officehome_frozen/campaigns/round1_150q/runs/product_to_art/seed_1/wasserstein_uniform/run_record.json,1.468533335318095,0.6213991769547325,0.5686324786324786,486,1.3994376443149947,0.6477132262051916,0.5947963058630277,2427,1.4692194975502462,0.6245059288537549,0.5749575374521411,2277,4589.000000000016,0.00021791239921551458,0.00021791239921551526,0.9673131401176722,0.03268685988232729,2.648867666721344e-05,converged_objective,0.8615720756351948,97,202
complete,product_to_art,product,art,2,random_regularized_wasserstein,1e-05,10.0,1.5359690506011248,,,/home/bgg7950/astro-active-learning/results/domain_adaptation/officehome_frozen/campaigns/round1_150q/runs/product_to_art/seed_2/random_regularized_wasserstein/lambda_10/run_record.json,1.4161204146616642,0.6337448559670782,0.5730189255189256,486,1.3805906855849255,0.6522455706633704,0.6069315689759142,2427,1.4651287661300645,0.629336846728151,0.5859789836144932,2277,912.0734276930397,0.0010964029535750846,0.006131807602847859,0.7600234154426793,0.2399765845573208,0.03904045559465885,converged_objective,0.8002832010388374,95,195
complete,product_to_art,product,art,2,random_uniform,1e-05,,1.5179252307862043,,,/home/bgg7950/astro-active-learning/results/domain_adaptation/officehome_frozen/campaigns/round1_150q/runs/product_to_art/seed_2/random_uniform/run_record.json,1.5223254611363142,0.6152263374485597,0.5630830280830281,486,1.4588912828139569,0.6365883807169345,0.5980745137694451,2427,1.5309838928141337,0.6130873956960914,0.5750816553435353,2277,4589.000000000016,0.00021791239921551458,0.00021791239921551526,0.9673131401176722,0.03268685988232729,2.5667250156402588e-05,converged_objective,0.7397608309984207,95,196
complete,product_to_art,product,art,2,source_only_uniform,1e-05,,5.387157881632447,,,/home/bgg7950/astro-active-learning/results/domain_adaptation/officehome_frozen/campaigns/round1_150q/runs/product_to_art/seed_2/source_only_uniform/run_record.json,1.727839150888524,0.5534979423868313,0.5223778998778998,486,1.7158422439712082,0.5657189946435929,0.5425763228578002,2427,1.7158422439712082,0.5657189946435929,0.5425763228578002,2427,4439.000000000019,0.0002252759630547411,0.00022527596305474206,1.0,0.0,2.275221049785614e-05,converged_objective,0.7776539865881205,95,195
complete,product_to_art,product,art,2,wasserstein_hard_voronoi,1e-05,,1.4148066993802786,,,/home/bgg7950/astro-active-learning/results/domain_adaptation/officehome_frozen/campaigns/round1_150q/runs/product_to_art/seed_2/wasserstein_hard_voronoi/run_record.json,1.345416970444161,0.6584362139917695,0.5677136752136752,486,1.3075359078207056,0.6674907292954264,0.5895013189276308,2427,1.3905361190485706,0.6455862977602108,0.5734107050968057,2277,383.3805841050169,0.002608374136458816,0.00927357032457496,0.5198351365275632,0.4801648634724369,0.01212899200618267,converged_objective,0.7085332348942757,87,180
complete,product_to_art,product,art,2,wasserstein_uniform,1e-05,,1.6358721107244492,,,/home/bgg7950/astro-active-learning/results/domain_adaptation/officehome_frozen/campaigns/round1_150q/runs/product_to_art/seed_2/wasserstein_uniform/run_record.json,1.4724636715636894,0.6296296296296297,0.5682905982905984,486,1.3900819926153851,0.6571899464359291,0.6015166596770419,2427,1.4598186713825234,0.634606938954765,0.5838456031567156,2277,4589.000000000016,0.00021791239921551458,0.00021791239921551526,0.9673131401176722,0.03268685988232729,2.7040019631385803e-05,converged_objective,0.760890144854784,96,199
complete,product_to_art,product,art,3,random_regularized_wasserstein,1e-05,10.0,1.5619127433747053,,,/home/bgg7950/astro-active-learning/results/domain_adaptation/officehome_frozen/campaigns/round1_150q/runs/product_to_art/seed_3/random_regularized_wasserstein/lambda_10/run_record.json,1.4742104943897898,0.6255144032921811,0.5693772893772895,486,1.3415783981903928,0.6551297898640297,0.6123045509335568,2427,1.4226629759927638,0.6324110671936759,0.5855006886433813,2277,1034.3878530108693,0.0009667553588233136,0.005595917901527255,0.7772211515939971,0.22277884840600293,0.030668964609503746,converged_objective,0.8337380588054657,98,201
complete,product_to_art,product,art,3,random_uniform,1e-05,,1.6328811571002007,,,/home/bgg7950/astro-active-learning/results/domain_adaptation/officehome_frozen/campaigns/round1_150q/runs/product_to_art/seed_3/random_uniform/run_record.json,1.5387215993938783,0.6111111111111112,0.567530525030525,486,1.4419843830644128,0.6370004120313144,0.606583431061195,2427,1.511330368485713,0.6130873956960914,0.5787623750819697,2277,4589.000000000016,0.00021791239921551458,0.00021791239921551526,0.9673131401176722,0.03268685988232729,2.6892870664596558e-05,converged_objective,0.848412936553359,97,203
complete,product_to_art,product,art,3,source_only_uniform,1e-05,,5.525052331387997,,,/home/bgg7950/astro-active-learning/results/domain_adaptation/officehome_frozen/campaigns/round1_150q/runs/product_to_art/seed_3/source_only_uniform/run_record.json,1.7319925937935878,0.5617283950617284,0.533550061050061,486,1.7158422439712082,0.5657189946435929,0.5425763228578002,2427,1.7158422439712082,0.5657189946435929,0.5425763228578002,2427,4439.000000000019,0.0002252759630547411,0.00022527596305474206,1.0,0.0,2.5998800992965698e-05,converged_objective,0.8272434361279011,95,195
complete,product_to_art,product,art,3,wasserstein_hard_voronoi,1e-05,,1.3961966950446367,,,/home/bgg7950/astro-active-learning/results/domain_adaptation/officehome_frozen/campaigns/round1_150q/runs/product_to_art/seed_3/wasserstein_hard_voronoi/run_record.json,1.491667772987931,0.5905349794238683,0.5373015873015874,486,1.33175078317123,0.65389369592089,0.5821085596722657,2427,1.4161934439515833,0.6310935441370223,0.5647554133160149,2277,372.0234027846353,0.002688002938833665,0.009788768675940238,0.5182895414734674,0.4817104585265328,0.012091059237718582,converged_objective,0.6792727131396532,84,175
complete,product_to_art,product,art,3,wasserstein_uniform,1e-05,,1.7944551408290863,,,/home/bgg7950/astro-active-learning/results/domain_adaptation/officehome_frozen/campaigns/round1_150q/runs/product_to_art/seed_3/wasserstein_uniform/run_record.json,1.5188762436943415,0.6090534979423868,0.5608669108669108,486,1.3886836948821837,0.6534816646065101,0.5984766622134838,2427,1.4571437733797847,0.6306543697848046,0.580180821116394,2277,4589.000000000016,0.00021791239921551458,0.00021791239921551526,0.9673131401176722,0.03268685988232729,2.5348737835884094e-05,converged_objective,0.8609888963401318,96,200
complete,product_to_art,product,art,4,random_regularized_wasserstein,1e-05,10.0,1.5330577678978443,,,/home/bgg7950/astro-active-learning/results/domain_adaptation/officehome_frozen/campaigns/round1_150q/runs/product_to_art/seed_4/random_regularized_wasserstein/lambda_10/run_record.json,1.4289032006144604,0.6378600823045267,0.5784554334554335,486,1.3472601928734556,0.6551297898640297,0.603435226539544,2427,1.4292975115388802,0.6324110671936759,0.5807766222390424,2277,1010.6974460002376,0.0009894157781415477,0.006898197326946459,0.7665573575856621,0.23344264241433788,0.03092275746166706,converged_objective,0.7898583114147186,98,201
complete,product_to_art,product,art,4,random_uniform,1e-05,,1.6587250512093306,,,/home/bgg7950/astro-active-learning/results/domain_adaptation/officehome_frozen/campaigns/round1_150q/runs/product_to_art/seed_4/random_uniform/run_record.json,1.5071830955864636,0.6193415637860082,0.5750854700854701,486,1.4386045049621659,0.6390605686032138,0.5994740810580396,2427,1.5104424539255321,0.6152832674571805,0.5763201601296786,2277,4589.000000000016,0.00021791239921551458,0.00021791239921551526,0.9673131401176722,0.03268685988232729,2.7913600206375122e-05,converged_objective,0.8575978204607964,97,202
complete,product_to_art,product,art,4,source_only_uniform,1e-05,,5.600979808717966,,,/home/bgg7950/astro-active-learning/results/domain_adaptation/officehome_frozen/campaigns/round1_150q/runs/product_to_art/seed_4/source_only_uniform/run_record.json,1.7111445044394697,0.5679012345679012,0.5364743589743589,486,1.7158422439712082,0.5657189946435929,0.5425763228578002,2427,1.7158422439712082,0.5657189946435929,0.5425763228578002,2427,4439.000000000019,0.0002252759630547411,0.00022527596305474206,1.0,0.0,2.1571293473243713e-05,converged_objective,0.8126450758427382,95,195
complete,product_to_art,product,art,4,wasserstein_hard_voronoi,1e-05,,1.3300362564623356,,,/home/bgg7950/astro-active-learning/results/domain_adaptation/officehome_frozen/campaigns/round1_150q/runs/product_to_art/seed_4/wasserstein_hard_voronoi/run_record.json,1.4005098364344701,0.6502057613168725,0.568482905982906,486,1.3139173154847459,0.6641944787803873,0.5872464117062474,2427,1.3974300341878192,0.6420729029424681,0.5725850353266481,2277,355.5233556666982,0.00281275472922093,0.015455950540958269,0.5146831530139104,0.4853168469860896,0.012235114350914955,converged_objective,0.6040164921432734,81,168
complete,product_to_art,product,art,4,wasserstein_uniform,1e-05,,1.7039359491318464,,,/home/bgg7950/astro-active-learning/results/domain_adaptation/officehome_frozen/campaigns/round1_150q/runs/product_to_art/seed_4/wasserstein_uniform/run_record.json,1.4627420114273537,0.6358024691358025,0.5727472527472527,486,1.3790395911121054,0.6571899464359291,0.6008961283336395,2427,1.449088745254028,0.634606938954765,0.5844609628075431,2277,4589.000000000016,0.00021791239921551458,0.00021791239921551526,0.9673131401176722,0.03268685988232729,2.566911280155182e-05,converged_objective,0.8524538315832615,98,203
complete,product_to_clipart,product,clipart,0,random_regularized_wasserstein,1e-05,10.0,1.7450243216007948,,,/home/bgg7950/astro-active-learning/results/domain_adaptation/officehome_frozen/campaigns/round1_150q/runs/product_to_clipart/seed_0/random_regularized_wasserstein/lambda_10/run_record.json,2.2283816000340395,0.4627720504009164,0.4456441705340253,873,2.196886832266751,0.47193585337915234,0.455020199110944,4365,2.2706474901338685,0.4531435349940688,0.4375918906957846,4215,790.8722730071157,0.001264426676886424,0.00580844383659089,0.6999296993421235,0.30007030065787654,0.043125979602336884,converged_objective,0.8438145741820335,98,201
complete,product_to_clipart,product,clipart,0,random_regularized_wasserstein,1e-05,100.0,2.759281588718295,,,/home/bgg7950/astro-active-learning/results/domain_adaptation/officehome_frozen/campaigns/round1_150q/runs/product_to_clipart/seed_0/random_regularized_wasserstein/lambda_100/run_record.json,2.2428948219019205,0.4616265750286369,0.4483159375883834,873,2.204525223214345,0.47079037800687284,0.455657596196932,4365,2.2760508472376726,0.45195729537366547,0.4380571206053791,4215,2453.298801456042,0.00040761443302646065,0.001734564609711524,0.8715393473639031,0.12846065263609674,0.9461844079196453,converged_objective,0.9368809647858143,105,217
complete,product_to_clipart,product,clipart,0,random_regularized_wasserstein,1e-05,1000.0,2.8616222143173218,,,/home/bgg7950/astro-active-learning/results/domain_adaptation/officehome_frozen/campaigns/round1_150q/runs/product_to_clipart/seed_0/random_regularized_wasserstein/lambda_1000/run_record.json,2.2587274451722252,0.4524627720504009,0.43729495564634885,873,2.211610701519895,0.4643757159221077,0.44944592329258753,4365,2.276623493798435,0.4453143534994069,0.43151030059796247,4215,4419.762608069176,0.00022625649580687804,0.0005259834661800117,0.9459087225300353,0.05409127746996471,1.1638324540108442,converged_objective,0.813064431771636,96,196
complete,product_to_clipart,product,clipart,0,random_regularized_wasserstein,1e-05,10000.0,2.503506703302264,,,/home/bgg7950/astro-active-learning/results/domain_adaptation/officehome_frozen/campaigns/round1_150q/runs/product_to_clipart/seed_0/random_regularized_wasserstein/lambda_10000/run_record.json,2.2737503707316087,0.44215349369988544,0.42872285972607477,873,2.2279397616140417,0.45979381443298967,0.4460755937279045,4365,2.288176047243097,0.4405693950177936,0.42791767876852005,4215,4586.114373249082,0.00021804951176818105,0.0002578307800610593,0.964192827401033,0.03580717259896714,0.8071603383868933,converged_objective,0.8383079916238785,97,203
complete,product_to_clipart,product,clipart,0,random_uniform,1e-05,,1.7753977328538895,,,/home/bgg7950/astro-active-learning/results/domain_adaptation/officehome_frozen/campaigns/round1_150q/runs/product_to_clipart/seed_0/random_uniform/run_record.json,2.2789737049631715,0.43757159221076747,0.4252307962340113,873,2.2336572090263553,0.4588774341351661,0.44557768301679995,4365,2.292514969849272,0.43962040332147095,0.42733631725825444,4215,4589.000000000016,0.00021791239921551458,0.00021791239921551526,0.9673131401176722,0.03268685988232729,2.718903124332428e-05,converged_objective,0.8393900319933891,97,204
complete,product_to_clipart,product,clipart,0,source_only_uniform,1e-05,,1.6475971341133118,,,/home/bgg7950/astro-active-learning/results/domain_adaptation/officehome_frozen/campaigns/round1_150q/runs/product_to_clipart/seed_0/source_only_uniform/run_record.json,2.611254546876591,0.38029782359679265,0.382319388095168,873,2.6299673365526717,0.37823596792668956,0.3751046809379703,4365,2.6299673365526717,0.37823596792668956,0.3751046809379703,4365,4439.000000000019,0.0002252759630547411,0.00022527596305474206,1.0,0.0,2.428703010082245e-05,converged_objective,0.8037908356636763,95,195
complete,product_to_clipart,product,clipart,0,wasserstein_hard_voronoi,1e-05,,1.5916058886796236,,,/home/bgg7950/astro-active-learning/results/domain_adaptation/officehome_frozen/campaigns/round1_150q/runs/product_to_clipart/seed_0/wasserstein_hard_voronoi/run_record.json,2.0565897511356606,0.5063001145475372,0.5028281250780655,873,2.063976338182121,0.5131729667812142,0.5071613156390214,4365,2.1351440942144797,0.4958481613285884,0.49159712609633677,4215,303.19916455318526,0.0032981621221604206,0.013745704467353952,0.4243986254295533,0.5756013745704467,0.015366392210125923,converged_objective,0.7111669573932886,90,185
complete,product_to_clipart,product,clipart,0,wasserstein_uniform,1e-05,,1.857778338715434,,,/home/bgg7950/astro-active-learning/results/domain_adaptation/officehome_frozen/campaigns/round1_150q/runs/product_to_clipart/seed_0/wasserstein_uniform/run_record.json,2.146181810229837,0.47766323024054985,0.47050290286834706,873,2.1080186898765354,0.4824742268041237,0.4744726816472365,4365,2.160329514319382,0.4659549228944247,0.45806714748430843,4215,4589.000000000016,0.00021791239921551458,0.00021791239921551526,0.9673131401176722,0.03268685988232729,2.572685480117798e-05,converged_objective,0.8355749528855085,97,201
complete,product_to_clipart,product,clipart,1,random_regularized_wasserstein,1e-05,10.0,1.755968438461423,,,/home/bgg7950/astro-active-learning/results/domain_adaptation/officehome_frozen/campaigns/round1_150q/runs/product_to_clipart/seed_1/random_regularized_wasserstein/lambda_10/run_record.json,2.251510562282346,0.44100801832760594,0.43927241231420805,873,2.2316111044671296,0.4625429553264605,0.46123078778132415,4365,2.3059050132233168,0.44341637010676155,0.4436948700092934,4215,1040.2491332337959,0.0009613081790237359,0.007056411568050621,0.7646839064660178,0.2353160935339822,0.03711513988673687,converged_objective,0.8348182812333107,97,201
complete,product_to_clipart,product,clipart,1,random_uniform,1e-05,,1.734048305079341,,,/home/bgg7950/astro-active-learning/results/domain_adaptation/officehome_frozen/campaigns/round1_150q/runs/product_to_clipart/seed_1/random_uniform/run_record.json,2.273698406494296,0.4306987399770905,0.42121693493984513,873,2.262811837102819,0.44810996563573885,0.44742666607343035,4365,2.3245899696266106,0.4294187425860024,0.42956300202744474,4215,4589.000000000016,0.00021791239921551458,0.00021791239921551526,0.9673131401176722,0.03268685988232729,2.771243453025818e-05,converged_objective,0.7812335304915905,93,190
complete,product_to_clipart,product,clipart,1,source_only_uniform,1e-05,,1.663619564846158,,,/home/bgg7950/astro-active-learning/results/domain_adaptation/officehome_frozen/campaigns/round1_150q/runs/product_to_clipart/seed_1/source_only_uniform/run_record.json,2.588840235926419,0.3722794959908362,0.36440142436748774,873,2.6299673365526717,0.37823596792668956,0.3751046809379703,4365,2.6299673365526717,0.37823596792668956,0.3751046809379703,4365,4439.000000000019,0.0002252759630547411,0.00022527596305474206,1.0,0.0,2.4005770683288574e-05,converged_objective,0.8116675484925508,95,195
complete,product_to_clipart,product,clipart,1,wasserstein_hard_voronoi,1e-05,,1.6479456666857004,,,/home/bgg7950/astro-active-learning/results/domain_adaptation/officehome_frozen/campaigns/round1_150q/runs/product_to_clipart/seed_1/wasserstein_hard_voronoi/run_record.json,2.1298670944318427,0.47995418098510884,0.47455653056689023,873,2.0844303904991697,0.5056128293241695,0.501657803580427,4365,2.1564321183680724,0.48801897983392645,0.48614202707257387,4215,316.0066341867937,0.0031644905258821025,0.01145475372279496,0.42983963344788095,0.5701603665521191,0.015210594981908798,converged_objective,0.7611093800514936,90,185
complete,product_to_clipart,product,clipart,1,wasserstein_uniform,1e-05,,1.8553329445421696,,,/home/bgg7950/astro-active-learning/results/domain_adaptation/officehome_frozen/campaigns/round1_150q/runs/product_to_clipart/seed_1/wasserstein_uniform/run_record.json,2.138377926792855,0.4558991981672394,0.4480640992465237,873,2.105620866267451,0.4884306987399771,0.48204790479346893,4365,2.1579513251170783,0.47164887307236064,0.46677933899431506,4215,4589.000000000016,0.00021791239921551458,0.00021791239921551526,0.9673131401176722,0.03268685988232729,2.7412548661231995e-05,converged_objective,0.8234347701072693,95,198
complete,product_to_clipart,product,clipart,2,random_regularized_wasserstein,1e-05,10.0,1.8249717354774475,,,/home/bgg7950/astro-active-learning/results/domain_adaptation/officehome_frozen/campaigns/round1_150q/runs/product_to_clipart/seed_2/random_regularized_wasserstein/lambda_10/run_record.json,2.2734468698812362,0.4352806414662085,0.4239900078355663,873,2.2510745223773756,0.44856815578465065,0.4351804058816284,4365,2.3266950128785733,0.42894424673784104,0.417607632198858,4215,901.7611113820304,0.0011089411456959035,0.00547810011200713,0.7182432426485412,0.28175675735145866,0.043433696031570435,converged_objective,0.906102491542697,101,206
complete,product_to_clipart,product,clipart,2,random_uniform,1e-05,,1.7715307958424091,,,/home/bgg7950/astro-active-learning/results/domain_adaptation/officehome_frozen/campaigns/round1_150q/runs/product_to_clipart/seed_2/random_uniform/run_record.json,2.2887933095415143,0.4261168384879725,0.41681595355505807,873,2.280903791622797,0.44169530355097364,0.4299733469523829,4365,2.34149964476699,0.4232502965599051,0.41313614411564614,4215,4589.000000000016,0.00021791239921551458,0.00021791239921551526,0.9673131401176722,0.03268685988232729,2.7138739824295044e-05,converged_objective,0.78834243491292,94,196
complete,product_to_clipart,product,clipart,2,source_only_uniform,1e-05,,1.6652725879102945,,,/home/bgg7950/astro-active-learning/results/domain_adaptation/officehome_frozen/campaigns/round1_150q/runs/product_to_clipart/seed_2/source_only_uniform/run_record.json,2.6031676633738745,0.3757159221076747,0.381321651873569,873,2.6299673365526717,0.37823596792668956,0.3751046809379703,4365,2.6299673365526717,0.37823596792668956,0.3751046809379703,4365,4439.000000000019,0.0002252759630547411,0.00022527596305474206,1.0,0.0,2.403557300567627e-05,converged_objective,0.7957405839115381,95,195
complete,product_to_clipart,product,clipart,2,wasserstein_hard_voronoi,1e-05,,1.6800746209919453,,,/home/bgg7950/astro-active-learning/results/domain_adaptation/officehome_frozen/campaigns/round1_150q/runs/product_to_clipart/seed_2/wasserstein_hard_voronoi/run_record.json,2.1336510216401807,0.4959908361970218,0.4931254939524766,873,2.0736195234114736,0.5042382588774341,0.5022992406837727,4365,2.1451383095783494,0.4865954922894425,0.4865005947955104,4215,318.1834881536375,0.0031428406477118694,0.012313860252004582,0.4349942726231386,0.5650057273768614,0.015405917540192604,converged_objective,0.7512626443058252,90,188
complete,product_to_clipart,product,clipart,2,wasserstein_uniform,1e-05,,1.889445934444666,,,/home/bgg7950/astro-active-learning/results/domain_adaptation/officehome_frozen/campaigns/round1_150q/runs/product_to_clipart/seed_2/wasserstein_uniform/run_record.json,2.148837848274691,0.45933562428407787,0.4578222928800447,873,2.0944547346787736,0.49003436426116836,0.4871481562290179,4365,2.1473408126384004,0.47283511269276396,0.4705783122797212,4215,4589.000000000016,0.00021791239921551458,0.00021791239921551526,0.9673131401176722,0.03268685988232729,2.682209014892578e-05,converged_objective,0.83539267629385,97,200
complete,product_to_clipart,product,clipart,3,random_regularized_wasserstein,1e-05,10.0,1.86898872256279,,,/home/bgg7950/astro-active-learning/results/domain_adaptation/officehome_frozen/campaigns/round1_150q/runs/product_to_clipart/seed_3/random_regularized_wasserstein/lambda_10/run_record.json,2.238752915127482,0.4765177548682703,0.464083218453902,873,2.1793775620868807,0.4822451317296678,0.4774764423972539,4365,2.252723125267183,0.4638196915776987,0.4612007389563878,4215,880.8800343366973,0.0011352283637044856,0.005988107544957644,0.7121540521347223,0.2878459478652775,0.04334625042974949,converged_objective,0.9256974998861551,104,213
complete,product_to_clipart,product,clipart,3,random_uniform,1e-05,,1.7943593207746744,,,/home/bgg7950/astro-active-learning/results/domain_adaptation/officehome_frozen/campaigns/round1_150q/runs/product_to_clipart/seed_3/random_uniform/run_record.json,2.25695379912629,0.4639175257731959,0.45330389563599854,873,2.2189950381994636,0.4632302405498282,0.4566208704123557,4365,2.2780567678854453,0.4450771055753262,0.4397411336733255,4215,4589.000000000016,0.00021791239921551458,0.00021791239921551526,0.9673131401176722,0.03268685988232729,2.572871744632721e-05,converged_objective,0.8372277673333883,97,199
complete,product_to_clipart,product,clipart,3,source_only_uniform,1e-05,,1.6487851571291685,,,/home/bgg7950/astro-active-learning/results/domain_adaptation/officehome_frozen/campaigns/round1_150q/runs/product_to_clipart/seed_3/source_only_uniform/run_record.json,2.624437325431485,0.3848797250859107,0.37763115968998323,873,2.6299673365526717,0.37823596792668956,0.3751046809379703,4365,2.6299673365526717,0.37823596792668956,0.3751046809379703,4365,4439.000000000019,0.0002252759630547411,0.00022527596305474206,1.0,0.0,2.3905187845230103e-05,converged_objective,0.7946378868073225,95,195
complete,product_to_clipart,product,clipart,3,wasserstein_hard_voronoi,1e-05,,1.6634514834731817,,,/home/bgg7950/astro-active-learning/results/domain_adaptation/officehome_frozen/campaigns/round1_150q/runs/product_to_clipart/seed_3/wasserstein_hard_voronoi/run_record.json,2.1364872655763643,0.4936998854524628,0.47790185073585884,873,2.0668653548605627,0.5088201603665521,0.5029187747273376,4365,2.1381850902678896,0.49134045077105576,0.48724093966739956,4215,316.69603158113443,0.0031576019282824825,0.011741122565864834,0.4306987399770905,0.5693012600229095,0.015315154567360878,converged_objective,0.7646925803273916,90,188
complete,product_to_clipart,product,clipart,3,wasserstein_uniform,1e-05,,1.862096518278122,,,/home/bgg7950/astro-active-learning/results/domain_adaptation/officehome_frozen/campaigns/round1_150q/runs/product_to_clipart/seed_3/wasserstein_uniform/run_record.json,2.1553121405926525,0.4524627720504009,0.445924597881016,873,2.1027819076672594,0.4843069873997709,0.47911338996652747,4365,2.1557670829638247,0.4666666666666667,0.46225730530829684,4215,4589.000000000016,0.00021791239921551458,0.00021791239921551526,0.9673131401176722,0.03268685988232729,2.9657036066055298e-05,converged_objective,0.8290014620870352,95,198
complete,product_to_clipart,product,clipart,4,random_regularized_wasserstein,1e-05,10.0,1.7695713695138693,,,/home/bgg7950/astro-active-learning/results/domain_adaptation/officehome_frozen/campaigns/round1_150q/runs/product_to_clipart/seed_4/random_regularized_wasserstein/lambda_10/run_record.json,2.2991708423895245,0.4547537227949599,0.4308094531754927,873,2.2044897666664123,0.47766323024054985,0.4543309645038482,4365,2.2784426040537102,0.45931198102016607,0.4375517315273829,4215,738.1946576870097,0.00135465624085293,0.006272606557042275,0.6958727237572951,0.3041272762427048,0.04334820434451103,converged_objective,0.8119801301509142,100,204
complete,product_to_clipart,product,clipart,4,random_uniform,1e-05,,1.7629292272031307,,,/home/bgg7950/astro-active-learning/results/domain_adaptation/officehome_frozen/campaigns/round1_150q/runs/product_to_clipart/seed_4/random_uniform/run_record.json,2.3180020975445115,0.4444444444444444,0.43086353090163515,873,2.2336778679926095,0.46804123711340206,0.4525993906483592,4365,2.2934073474665726,0.44958481613285883,0.4353285496766619,4215,4589.000000000016,0.00021791239921551458,0.00021791239921551526,0.9673131401176722,0.03268685988232729,2.5568529963493347e-05,converged_objective,0.8056165724992752,99,205
complete,product_to_clipart,product,clipart,4,source_only_uniform,1e-05,,1.6210824847221375,,,/home/bgg7950/astro-active-learning/results/domain_adaptation/officehome_frozen/campaigns/round1_150q/runs/product_to_clipart/seed_4/source_only_uniform/run_record.json,2.6593225596545977,0.37800687285223367,0.3708661436602613,873,2.6299673365526717,0.37823596792668956,0.3751046809379703,4365,2.6299673365526717,0.37823596792668956,0.3751046809379703,4365,4439.000000000019,0.0002252759630547411,0.00022527596305474206,1.0,0.0,2.4629756808280945e-05,converged_objective,0.7612145021557808,95,195
complete,product_to_clipart,product,clipart,4,wasserstein_hard_voronoi,1e-05,,1.6039459612220526,,,/home/bgg7950/astro-active-learning/results/domain_adaptation/officehome_frozen/campaigns/round1_150q/runs/product_to_clipart/seed_4/wasserstein_hard_voronoi/run_record.json,2.188139039280585,0.47880870561282934,0.48143458999257993,873,2.0950469234993387,0.5019473081328751,0.5005169899741361,4365,2.167388766125404,0.4842230130486358,0.4847354892173112,4215,319.0659898477156,0.0031341478935980665,0.010022909507445592,0.42468499427262324,0.5753150057273768,0.015263577923178673,converged_objective,0.7187310717999935,91,188
complete,product_to_clipart,product,clipart,4,wasserstein_uniform,1e-05,,1.8027554247528315,,,/home/bgg7950/astro-active-learning/results/domain_adaptation/officehome_frozen/campaigns/round1_150q/runs/product_to_clipart/seed_4/wasserstein_uniform/run_record.json,2.2201563532487483,0.4627720504009164,0.4627499595480067,873,2.1175227750697028,0.4868270332187858,0.4850999659686419,4365,2.170191629885563,0.46951364175563465,0.4686746998963356,4215,4589.000000000016,0.00021791239921551458,0.00021791239921551526,0.9673131401176722,0.03268685988232729,2.5307759642601013e-05,converged_objective,0.7679401878267527,95,198
complete,product_to_real_world,product,real_world,0,random_regularized_wasserstein,1e-05,10.0,1.6591513212770224,,,/home/bgg7950/astro-active-learning/results/domain_adaptation/officehome_frozen/campaigns/round1_150q/runs/product_to_real_world/seed_0/random_regularized_wasserstein/lambda_10/run_record.json,0.8694153461228485,0.7649082568807339,0.7492189969142815,872,0.8343318607509501,0.7746155611659399,0.7605145170276173,4357,0.8590851107241445,0.7665795103399097,0.7533147247105634,4207,1528.108269086866,0.0006544038928586902,0.006784925141031611,0.8744322242880613,0.1255677757119386,0.037712227553129196,converged_objective,0.7698860447853804,91,191
complete,product_to_real_world,product,real_world,0,random_regularized_wasserstein,1e-05,100.0,2.4409294556826353,,,/home/bgg7950/astro-active-learning/results/domain_adaptation/officehome_frozen/campaigns/round1_150q/runs/product_to_real_world/seed_0/random_regularized_wasserstein/lambda_100/run_record.json,0.8636000116397231,0.7626146788990825,0.7481144334615399,872,0.8313388066904867,0.7707137938948818,0.7573874480201721,4357,0.85570939937609,0.7625386260993582,0.7500302787512733,4207,2842.886903851265,0.00035175511155413814,0.0019243568393810535,0.9202964949807915,0.07970350501920873,0.7954668831080198,converged_objective,0.778521616011858,92,193
complete,product_to_real_world,product,real_world,0,random_regularized_wasserstein,1e-05,1000.0,2.9056287314742804,,,/home/bgg7950/astro-active-learning/results/domain_adaptation/officehome_frozen/campaigns/round1_150q/runs/product_to_real_world/seed_0/random_regularized_wasserstein/lambda_1000/run_record.json,0.8817114773021621,0.7591743119266054,0.7438832881283464,872,0.8504790916415697,0.769795731007574,0.7566079134908423,4357,0.8735580366871398,0.7615878298074638,0.7491509162931166,4207,4473.750021395364,0.00022352612354681808,0.0005309003583951776,0.956034787177521,0.04396521282247902,1.1624681167304516,converged_objective,0.8367707561701536,98,201
complete,product_to_real_world,product,real_world,0,random_regularized_wasserstein,1e-05,10000.0,2.505976503714919,,,/home/bgg7950/astro-active-learning/results/domain_adaptation/officehome_frozen/campaigns/round1_150q/runs/product_to_real_world/seed_0/random_regularized_wasserstein/lambda_10000/run_record.json,0.8918182484100146,0.7580275229357798,0.7437258475297294,872,0.8603826787212902,0.7675005737893046,0.7545602492800614,4357,0.8826252067964538,0.7592108390777276,0.7469918879791301,4207,4587.251552558046,0.00021799545731089408,0.00026117178541215245,0.9656873418036047,0.03431265819639523,0.8599365148693323,converged_objective,0.785834476351738,94,194
complete,product_to_real_world,product,real_world,0,random_uniform,1e-05,,1.7280416507273912,,,/home/bgg7950/astro-active-learning/results/domain_adaptation/officehome_frozen/campaigns/round1_150q/runs/product_to_real_world/seed_0/random_uniform/run_record.json,0.8935906997726296,0.7591743119266054,0.744909279482392,872,0.8622051579186459,0.7672710580674776,0.7543596420064903,4357,0.8842679123285865,0.758973140004754,0.7467674285305327,4207,4589.000000000016,0.00021791239921551458,0.00021791239921551526,0.9673131401176722,0.03268685988232729,2.4886801838874817e-05,converged_objective,0.7781481277197599,98,203
complete,product_to_real_world,product,real_world,0,source_only_uniform,1e-05,,1.646373214200139,,,/home/bgg7950/astro-active-learning/results/domain_adaptation/officehome_frozen/campaigns/round1_150q/runs/product_to_real_world/seed_0/source_only_uniform/run_record.json,0.9713802772122984,0.75,0.7360743126181326,872,0.9518436180957317,0.7468441588248795,0.7333695922994262,4357,0.9518436180957317,0.7468441588248795,0.7333695922994262,4357,4439.000000000019,0.0002252759630547411,0.00022527596305474206,1.0,0.0,2.4566426873207092e-05,converged_objective,0.8023875840008259,95,195
complete,product_to_real_world,product,real_world,0,wasserstein_hard_voronoi,1e-05,,1.5453626159578562,,,/home/bgg7950/astro-active-learning/results/domain_adaptation/officehome_frozen/campaigns/round1_150q/runs/product_to_real_world/seed_0/wasserstein_hard_voronoi/run_record.json,0.8387390368655693,0.7775229357798165,0.7570991776475224,872,0.7998122397665333,0.7872389258664219,0.7697210094087094,4357,0.8264419021505932,0.7796529593534586,0.7621830947085618,4207,659.0994193303305,0.0015172217888100054,0.0071736011477761845,0.6680057388809182,0.3319942611190818,0.01515759713947773,converged_objective,0.6638951487839222,84,176
complete,product_to_real_world,product,real_world,0,wasserstein_uniform,1e-05,,1.7161245122551918,,,/home/bgg7950/astro-active-learning/results/domain_adaptation/officehome_frozen/campaigns/round1_150q/runs/product_to_real_world/seed_0/wasserstein_uniform/run_record.json,0.8727333635930234,0.7672018348623854,0.7520218818914937,872,0.8341544788055698,0.7771402341060363,0.7639529688738093,4357,0.8565064283176635,0.7696695982885666,0.7558352481661651,4207,4589.000000000016,0.00021791239921551458,0.00021791239921551526,0.9673131401176722,0.03268685988232729,2.3655593395233154e-05,converged_objective,0.7011904306709766,92,191
complete,product_to_real_world,product,real_world,1,random_regularized_wasserstein,1e-05,10.0,1.7179060131311417,,,/home/bgg7950/astro-active-learning/results/domain_adaptation/officehome_frozen/campaigns/round1_150q/runs/product_to_real_world/seed_1/random_regularized_wasserstein/lambda_10/run_record.json,0.8277199971129876,0.7786697247706422,0.7598861819956128,872,0.8273333162766167,0.7727794353913243,0.7579081961969669,4357,0.8525575609093331,0.7646779177561207,0.7505492069408394,4207,1398.0759755431823,0.0007152687103513661,0.00501285494553691,0.8607593884004956,0.13924061159950446,0.0366671197116375,converged_objective,0.7938541360199451,93,194
complete,product_to_real_world,product,real_world,1,random_uniform,1e-05,,1.6948089990764856,,,/home/bgg7950/astro-active-learning/results/domain_adaptation/officehome_frozen/campaigns/round1_150q/runs/product_to_real_world/seed_1/random_uniform/run_record.json,0.8586718110476174,0.7706422018348624,0.7569172002483504,872,0.8655906925769934,0.7661234794583429,0.7541123049053032,4357,0.8881775072701215,0.7577846446398859,0.7464775951465047,4207,4589.000000000016,0.00021791239921551458,0.00021791239921551526,0.9673131401176722,0.03268685988232729,2.4667009711265564e-05,converged_objective,0.742230974137783,89,182
complete,product_to_real_world,product,real_world,1,source_only_uniform,1e-05,,1.6689112540334463,,,/home/bgg7950/astro-active-learning/results/domain_adaptation/officehome_frozen/campaigns/round1_150q/runs/product_to_real_world/seed_1/source_only_uniform/run_record.json,0.9161879482637507,0.7545871559633027,0.7402815639812543,872,0.9518436180957317,0.7468441588248795,0.7333695922994262,4357,0.9518436180957317,0.7468441588248795,0.7333695922994262,4357,4439.000000000019,0.0002252759630547411,0.00022527596305474206,1.0,0.0,2.407655119895935e-05,converged_objective,0.8240212835371494,95,195
complete,product_to_real_world,product,real_world,1,wasserstein_hard_voronoi,1e-05,,1.5749452132731676,,,/home/bgg7950/astro-active-learning/results/domain_adaptation/officehome_frozen/campaigns/round1_150q/runs/product_to_real_world/seed_1/wasserstein_hard_voronoi/run_record.json,0.787375625816188,0.7924311926605505,0.7684669767796705,872,0.77253847474811,0.7938948817994033,0.7727896394767593,4357,0.7981354256521511,0.7865462324696934,0.765626016263471,4207,662.695749440716,0.0015089881002616251,0.00746054519368723,0.6674318507890962,0.33256814921090383,0.015284135937690735,converged_objective,0.6715085227042437,82,171
complete,product_to_real_world,product,real_world,1,wasserstein_uniform,1e-05,,1.8647573608905077,,,/home/bgg7950/astro-active-learning/results/domain_adaptation/officehome_frozen/campaigns/round1_150q/runs/product_to_real_world/seed_1/wasserstein_uniform/run_record.json,0.8185591307457192,0.7809633027522935,0.7655844068609011,872,0.8174922060562502,0.7812715170989213,0.7663655479401144,4357,0.8390818610647195,0.7734727834561446,0.7582628651373634,4207,4589.000000000016,0.00021791239921551458,0.00021791239921551526,0.9673131401176722,0.03268685988232729,2.676062285900116e-05,converged_objective,0.8417567685246468,96,198
complete,product_to_real_world,product,real_world,2,random_regularized_wasserstein,1e-05,10.0,1.7675936240702868,,,/home/bgg7950/astro-active-learning/results/domain_adaptation/officehome_frozen/campaigns/round1_150q/runs/product_to_real_world/seed_2/random_regularized_wasserstein/lambda_10/run_record.json,0.8585282867694602,0.7763761467889908,0.7637547967102624,872,0.8123585985877628,0.7780582969933441,0.7613315642460748,4357,0.8365532093920721,0.770144996434514,0.7531373108644177,4207,1588.1653612637006,0.0006296573545744012,0.005190567907091463,0.8684599837985163,0.1315400162014836,0.03709563426673412,converged_objective,0.8327865060418844,95,196
complete,product_to_real_world,product,real_world,2,random_uniform,1e-05,,1.803949199616909,,,/home/bgg7950/astro-active-learning/results/domain_adaptation/officehome_frozen/campaigns/round1_150q/runs/product_to_real_world/seed_2/random_uniform/run_record.json,0.9020618341380378,0.7660550458715596,0.7556159951688649,872,0.8522450156740451,0.7732384668349782,0.7587869198436596,4357,0.8741193312808694,0.765153315902068,0.7503372475663411,4207,4589.000000000016,0.00021791239921551458,0.00021791239921551526,0.9673131401176722,0.03268685988232729,2.575106918811798e-05,converged_objective,0.8295766599476337,95,198
complete,product_to_real_world,product,real_world,2,source_only_uniform,1e-05,,1.6818975806236267,,,/home/bgg7950/astro-active-learning/results/domain_adaptation/officehome_frozen/campaigns/round1_150q/runs/product_to_real_world/seed_2/source_only_uniform/run_record.json,0.9903038988307564,0.7511467889908257,0.7429339637764264,872,0.9518436180957317,0.7468441588248795,0.7333695922994262,4357,0.9518436180957317,0.7468441588248795,0.7333695922994262,4357,4439.000000000019,0.0002252759630547411,0.00022527596305474206,1.0,0.0,2.37245112657547e-05,converged_objective,0.8244630359113216,95,195
complete,product_to_real_world,product,real_world,2,wasserstein_hard_voronoi,1e-05,,1.6078638806939125,,,/home/bgg7950/astro-active-learning/results/domain_adaptation/officehome_frozen/campaigns/round1_150q/runs/product_to_real_world/seed_2/wasserstein_hard_voronoi/run_record.json,0.8314543411945337,0.7740825688073395,0.7593245530897352,872,0.7877729495499483,0.7858618315354602,0.7680975670949517,4357,0.8138237535716993,0.7782267649156168,0.7600425710754907,4207,669.6380327507305,0.0014933440920197032,0.007460545193687231,0.6760401721664275,0.32395982783357247,0.015177914872765541,converged_objective,0.7127388194203377,85,176
complete,product_to_real_world,product,real_world,2,wasserstein_uniform,1e-05,,1.8908549845218658,,,/home/bgg7950/astro-active-learning/results/domain_adaptation/officehome_frozen/campaigns/round1_150q/runs/product_to_real_world/seed_2/wasserstein_uniform/run_record.json,0.8719810520895902,0.7740825688073395,0.7655326154224701,872,0.8244706485410773,0.7757631397750746,0.763367517911711,4357,0.8462394023789221,0.7680057047777513,0.754854207718879,4207,4589.000000000016,0.00021791239921551458,0.00021791239921551526,0.9673131401176722,0.03268685988232729,2.7650967240333557e-05,converged_objective,0.8571277614682913,96,199
complete,product_to_real_world,product,real_world,3,random_regularized_wasserstein,1e-05,10.0,1.7212937325239182,,,/home/bgg7950/astro-active-learning/results/domain_adaptation/officehome_frozen/campaigns/round1_150q/runs/product_to_real_world/seed_3/random_regularized_wasserstein/lambda_10/run_record.json,0.8368634265800016,0.7775229357798165,0.7600122882594901,872,0.8175268493327521,0.7810420013770943,0.7640345498831381,4357,0.8416563764970882,0.7732350843831709,0.756554294745217,4207,1490.5598128796769,0.0006708888776949224,0.0060657617115210255,0.8759852124720242,0.12401478752797566,0.03748437575995922,converged_objective,0.8070055935531855,93,192
complete,product_to_real_world,product,real_world,3,random_uniform,1e-05,,1.7625489942729473,,,/home/bgg7950/astro-active-learning/results/domain_adaptation/officehome_frozen/campaigns/round1_150q/runs/product_to_real_world/seed_3/random_uniform/run_record.json,0.8794066794317311,0.7740825688073395,0.7594055929516755,872,0.8549893928574877,0.7753041083314207,0.7593970384176302,4357,0.876669695630486,0.7672926075588306,0.7517606151353049,4207,4589.000000000016,0.00021791239921551458,0.00021791239921551526,0.9673131401176722,0.03268685988232729,2.5039538741111755e-05,converged_objective,0.7854885552078485,93,189
complete,product_to_real_world,product,real_world,3,source_only_uniform,1e-05,,1.6262713875621557,,,/home/bgg7950/astro-active-learning/results/domain_adaptation/officehome_frozen/campaigns/round1_150q/runs/product_to_real_world/seed_3/source_only_uniform/run_record.json,0.9739270105669849,0.7465596330275229,0.734043229071212,872,0.9518436180957317,0.7468441588248795,0.7333695922994262,4357,0.9518436180957317,0.7468441588248795,0.7333695922994262,4357,4439.000000000019,0.0002252759630547411,0.00022527596305474206,1.0,0.0,2.4296343326568604e-05,converged_objective,0.7575952019542456,95,195
complete,product_to_real_world,product,real_world,3,wasserstein_hard_voronoi,1e-05,,1.5770982299000025,,,/home/bgg7950/astro-active-learning/results/domain_adaptation/officehome_frozen/campaigns/round1_150q/runs/product_to_real_world/seed_3/wasserstein_hard_voronoi/run_record.json,0.8202812793131247,0.783256880733945,0.7619399291666498,872,0.7685587852635428,0.7922882717466146,0.7738208201813788,4357,0.793869270283878,0.784882338958878,0.7662567813546617,4207,657.529370364355,0.0015208446117712926,0.0077474892395982785,0.6674318507890962,0.3325681492109039,0.015032967552542686,converged_objective,0.6832539979368448,82,172
complete,product_to_real_world,product,real_world,3,wasserstein_uniform,1e-05,,1.8443264570087194,,,/home/bgg7950/astro-active-learning/results/domain_adaptation/officehome_frozen/campaigns/round1_150q/runs/product_to_real_world/seed_3/wasserstein_uniform/run_record.json,0.8472334435810883,0.7775229357798165,0.7647983317785652,872,0.8054948349882471,0.7789763598806518,0.7648770660248634,4357,0.8257868496758017,0.7718088899453293,0.7568575086442058,4207,4589.000000000016,0.00021791239921551458,0.00021791239921551526,0.9673131401176722,0.03268685988232729,2.6650726795196533e-05,converged_objective,0.8143307976424694,93,192
complete,product_to_real_world,product,real_world,4,random_regularized_wasserstein,1e-05,10.0,1.735527839511633,,,/home/bgg7950/astro-active-learning/results/domain_adaptation/officehome_frozen/campaigns/round1_150q/runs/product_to_real_world/seed_4/random_regularized_wasserstein/lambda_10/run_record.json,0.7840057353343829,0.7855504587155964,0.7752338367752752,872,0.8367618277903973,0.7714023410603627,0.7549160778328591,4357,0.8603659705889242,0.7637271214642263,0.7475715379105886,4207,3775.8799648787744,0.0002648389274292265,0.0021209382225871954,0.9365457075202928,0.06345429247970757,0.030713418498635292,converged_objective,0.8082426972687244,94,194
complete,product_to_real_world,product,real_world,4,random_uniform,1e-05,,1.75505892932415,,,/home/bgg7950/astro-active-learning/results/domain_adaptation/officehome_frozen/campaigns/round1_150q/runs/product_to_real_world/seed_4/random_uniform/run_record.json,0.7992365325735807,0.7752293577981652,0.7654338947152712,872,0.8543720367559097,0.7663529951801699,0.7509358631462564,4357,0.8760656839091552,0.758973140004754,0.7438445214681234,4207,4589.000000000016,0.00021791239921551458,0.00021791239921551526,0.9673131401176722,0.03268685988232729,2.606026828289032e-05,converged_objective,0.8018516879528761,98,204
complete,product_to_real_world,product,real_world,4,source_only_uniform,1e-05,,1.5933491680771112,,,/home/bgg7950/astro-active-learning/results/domain_adaptation/officehome_frozen/campaigns/round1_150q/runs/product_to_real_world/seed_4/source_only_uniform/run_record.json,0.8773728029782425,0.7614678899082569,0.753787757716074,872,0.9518436180957317,0.7468441588248795,0.7333695922994262,4357,0.9518436180957317,0.7468441588248795,0.7333695922994262,4357,4439.000000000019,0.0002252759630547411,0.00022527596305474206,1.0,0.0,2.3154541850090027e-05,converged_objective,0.7388309556990862,95,195
complete,product_to_real_world,product,real_world,4,wasserstein_hard_voronoi,1e-05,,1.5177841037511826,,,/home/bgg7950/astro-active-learning/results/domain_adaptation/officehome_frozen/campaigns/round1_150q/runs/product_to_real_world/seed_4/wasserstein_hard_voronoi/run_record.json,0.775897188229647,0.7878440366972477,0.7771266165365951,872,0.8020960951803366,0.7856323158136332,0.7697351563566793,4357,0.8287211179857477,0.7779890658426433,0.7619518384189599,4207,674.4724273893489,0.0014826402969068083,0.006886657101865136,0.672309899569584,0.327690100430416,0.015181683003902435,converged_objective,0.6126152575016022,82,168
complete,product_to_real_world,product,real_world,4,wasserstein_uniform,1e-05,,1.7637030091136694,,,/home/bgg7950/astro-active-learning/results/domain_adaptation/officehome_frozen/campaigns/round1_150q/runs/product_to_real_world/seed_4/wasserstein_uniform/run_record.json,0.7826252899302854,0.783256880733945,0.7753318894727563,872,0.8300487525760598,0.7727794353913243,0.7601834981185512,4357,0.8520383986155435,0.765153315902068,0.7519438248529204,4207,4589.000000000016,0.00021791239921551458,0.00021791239921551526,0.9673131401176722,0.03268685988232729,2.732314169406891e-05,converged_objective,0.728057499974966,92,191
complete,real_world_to_art,real_world,art,0,random_regularized_wasserstein,1e-05,10.0,1.6414579804986715,,,/home/bgg7950/astro-active-learning/results/domain_adaptation/officehome_frozen/campaigns/round1_150q/runs/real_world_to_art/seed_0/random_regularized_wasserstein/lambda_10/run_record.json,1.2184392496566399,0.6954732510288066,0.6504456654456654,486,1.139630311737008,0.7070457354758962,0.6703099034545766,2427,1.2009020954673673,0.6877470355731226,0.6500730662482165,2277,3629.3732683955955,0.0002755296647793025,0.001481645045841865,0.9317216154341262,0.06827838456587382,0.0225820355117321,converged_objective,0.891409320756793,105,221
complete,real_world_to_art,real_world,art,0,random_regularized_wasserstein,1e-05,100.0,2.3563023675233126,,,/home/bgg7950/astro-active-learning/results/domain_adaptation/officehome_frozen/campaigns/round1_150q/runs/real_world_to_art/seed_0/random_regularized_wasserstein/lambda_100/run_record.json,1.234325728620572,0.6954732510288066,0.645964590964591,486,1.1389747621824144,0.7070457354758962,0.6655838454392156,2427,1.204125378477345,0.6877470355731226,0.6455552044041302,2277,2776.139932172099,0.0003602123900208384,0.0014737124943996083,0.9058365125004901,0.09416348749950998,0.715249165892601,converged_objective,0.9424803089350462,105,221
complete,real_world_to_art,real_world,art,0,random_regularized_wasserstein,1e-05,1000.0,3.3892168942838907,,,/home/bgg7950/astro-active-learning/results/domain_adaptation/officehome_frozen/campaigns/round1_150q/runs/real_world_to_art/seed_0/random_regularized_wasserstein/lambda_1000/run_record.json,1.2148992800929006,0.6995884773662552,0.6574542124542124,486,1.1362291660859183,0.7053976102183765,0.6685391281360726,2427,1.1989671696164645,0.6859903381642513,0.6483561469714029,2277,4232.263677060584,0.00023628017446552992,0.0005968100340158544,0.9307741834373557,0.06922581656264426,1.8057720363140106,converged_objective,0.8799932710826397,107,223
complete,real_world_to_art,real_world,art,0,random_regularized_wasserstein,1e-05,10000.0,2.981605039909482,,,/home/bgg7950/astro-active-learning/results/domain_adaptation/officehome_frozen/campaigns/round1_150q/runs/real_world_to_art/seed_0/random_regularized_wasserstein/lambda_10000/run_record.json,1.2299965083221396,0.6934156378600823,0.6532661782661783,486,1.1587122355406891,0.7049855789039967,0.6689373567174894,2427,1.2158341163876973,0.6855511638120334,0.6488102877137546,2277,4501.738599577608,0.00022213639861137844,0.00027338514104038365,0.9616652607976961,0.03833473920230384,1.3458713926374912,converged_objective,0.9396690782159567,104,218
complete,real_world_to_art,real_world,art,0,random_uniform,1e-05,,1.6717398166656494,,,/home/bgg7950/astro-active-learning/results/domain_adaptation/officehome_frozen/campaigns/round1_150q/runs/real_world_to_art/seed_0/random_uniform/run_record.json,1.2347929574776046,0.691358024691358,0.6529365079365079,486,1.1656777779265801,0.7016893283889576,0.6670697153395362,2427,1.2209253223770862,0.6833552920509443,0.6480753479443191,2277,4507.0000000000155,0.00022187708009762516,0.00022187708009762592,0.9667184379853561,0.033281562014643884,2.413615584373474e-05,converged_objective,0.9005802217870951,102,213
complete,real_world_to_art,real_world,art,0,source_only_uniform,1e-05,,6.103078024461865,,,/home/bgg7950/astro-active-learning/results/domain_adaptation/officehome_frozen/campaigns/round1_150q/runs/real_world_to_art/seed_0/source_only_uniform/run_record.json,1.3406336892730495,0.6625514403292181,0.6337820512820512,486,1.3296850655763361,0.65389369592089,0.6239687350180427,2427,1.3296850655763361,0.65389369592089,0.6239687350180427,2427,4357.000000000012,0.00022951572182694453,0.00022951572182694515,1.0,0.0,2.399459481239319e-05,converged_objective,0.946342870593071,105,220
complete,real_world_to_art,real_world,art,0,wasserstein_hard_voronoi,1e-05,,1.421340886503458,,,/home/bgg7950/astro-active-learning/results/domain_adaptation/officehome_frozen/campaigns/round1_150q/runs/real_world_to_art/seed_0/wasserstein_hard_voronoi/run_record.json,1.2591318487599659,0.6851851851851852,0.6322344322344322,486,1.1352859906212303,0.7161104243922538,0.6610865938531659,2427,1.2049413206799815,0.6974088713219148,0.6428606738896042,2277,667.4014171833485,0.0014983486313534153,0.005667181865018032,0.7135497166409068,0.2864502833590933,0.012301348149776459,converged_objective,0.7154472153633833,92,191
complete,real_world_to_art,real_world,art,0,wasserstein_uniform,1e-05,,1.8013713154941797,,,/home/bgg7950/astro-active-learning/results/domain_adaptation/officehome_frozen/campaigns/round1_150q/runs/real_world_to_art/seed_0/wasserstein_uniform/run_record.json,1.185186915354082,0.6954732510288066,0.6551129426129425,486,1.093368545622025,0.7144622991347342,0.6743308965067321,2427,1.1403786881692508,0.6960913482652613,0.655238693401054,2277,4507.0000000000155,0.00022187708009762516,0.00022187708009762592,0.9667184379853561,0.033281562014643884,2.3152679204940796e-05,converged_objective,0.964043565094471,106,220
complete,real_world_to_art,real_world,art,1,random_regularized_wasserstein,1e-05,10.0,1.561764169484377,,,/home/bgg7950/astro-active-learning/results/domain_adaptation/officehome_frozen/campaigns/round1_150q/runs/real_world_to_art/seed_1/random_regularized_wasserstein/lambda_10/run_record.json,1.2643894904330637,0.6790123456790124,0.622057387057387,486,1.161769890027842,0.7016893283889576,0.6554788334018192,2427,1.2303991342240939,0.6820377689942907,0.6309453054919869,2277,1177.227519607857,0.0008494534687169964,0.004749105351159244,0.8426535513018474,0.15734644869815267,0.030891958624124527,converged_objective,0.8380322977900505,97,204
complete,real_world_to_art,real_world,art,1,random_uniform,1e-05,,1.6929644495248795,,,/home/bgg7950/astro-active-learning/results/domain_adaptation/officehome_frozen/campaigns/round1_150q/runs/real_world_to_art/seed_1/random_uniform/run_record.json,1.2663491073208861,0.6707818930041153,0.6307570207570207,486,1.1779505914573716,0.6967449526163988,0.6608308900440921,2427,1.2345466121395083,0.6785243741765481,0.6385712975417426,2277,4507.0000000000155,0.00022187708009762516,0.00022187708009762592,0.9667184379853561,0.033281562014643884,2.6458874344825745e-05,converged_objective,0.9103032555431128,106,224
complete,real_world_to_art,real_world,art,1,source_only_uniform,1e-05,,6.165173035115004,,,/home/bgg7950/astro-active-learning/results/domain_adaptation/officehome_frozen/campaigns/round1_150q/runs/real_world_to_art/seed_1/source_only_uniform/run_record.json,1.3503563817861484,0.6460905349794238,0.6107234432234433,486,1.3296850655763361,0.65389369592089,0.6239687350180427,2427,1.3296850655763361,0.65389369592089,0.6239687350180427,2427,4357.000000000012,0.00022951572182694453,0.00022951572182694515,1.0,0.0,2.2023916244506836e-05,converged_objective,0.96106599830091,105,220
complete,real_world_to_art,real_world,art,1,wasserstein_hard_voronoi,1e-05,,1.46186164021492,,,/home/bgg7950/astro-active-learning/results/domain_adaptation/officehome_frozen/campaigns/round1_150q/runs/real_world_to_art/seed_1/wasserstein_hard_voronoi/run_record.json,1.2665568437877943,0.6831275720164609,0.6112789987789988,486,1.134706948597718,0.7091058920477956,0.6476718381765905,2427,1.2040643334210388,0.6899429073342117,0.6297613209051902,2277,696.263352430235,0.001436238165501033,0.005151983513652756,0.7166409067490984,0.2833590932509016,0.012254351750016212,converged_objective,0.7566169314086437,93,194
complete,real_world_to_art,real_world,art,1,wasserstein_uniform,1e-05,,1.7870404589921236,,,/home/bgg7950/astro-active-learning/results/domain_adaptation/officehome_frozen/campaigns/round1_150q/runs/real_world_to_art/seed_1/wasserstein_uniform/run_record.json,1.2036483910538434,0.691358024691358,0.6432478632478632,486,1.0928366903124793,0.715698393077874,0.6708244091534163,2427,1.1399025487145207,0.6978480456741326,0.6535544634461243,2277,4507.0000000000155,0.00022187708009762516,0.00022187708009762592,0.9667184379853561,0.033281562014643884,2.5918707251548767e-05,converged_objective,0.9490173198282719,105,217
complete,real_world_to_art,real_world,art,2,random_regularized_wasserstein,1e-05,10.0,1.5958841294050217,,,/home/bgg7950/astro-active-learning/results/domain_adaptation/officehome_frozen/campaigns/round1_150q/runs/real_world_to_art/seed_2/random_regularized_wasserstein/lambda_10/run_record.json,1.1575556088534238,0.7016460905349794,0.6456318681318682,486,1.16347538414545,0.7012772970745776,0.6678779102841573,2427,1.226654150303089,0.6820377689942907,0.6471323940195082,2277,3504.026250091192,0.00028538598989490306,0.0017027924398331316,0.9319144442600982,0.0680855557399016,0.01923430524766445,converged_objective,0.8823290076106787,99,207
complete,real_world_to_art,real_world,art,2,random_uniform,1e-05,,1.7136557679623365,,,/home/bgg7950/astro-active-learning/results/domain_adaptation/officehome_frozen/campaigns/round1_150q/runs/real_world_to_art/seed_2/random_uniform/run_record.json,1.1854137098566027,0.6872427983539094,0.6343437118437119,486,1.185794499988486,0.6975690152451587,0.6649683546348788,2427,1.242651668344292,0.6780851998243302,0.6434493759272973,2277,4507.0000000000155,0.00022187708009762516,0.00022187708009762592,0.9667184379853561,0.033281562014643884,2.5467947125434875e-05,converged_objective,0.9392309561371803,103,218
complete,real_world_to_art,real_world,art,2,source_only_uniform,1e-05,,5.969202183187008,,,/home/bgg7950/astro-active-learning/results/domain_adaptation/officehome_frozen/campaigns/round1_150q/runs/real_world_to_art/seed_2/source_only_uniform/run_record.json,1.2852842773211515,0.6666666666666666,0.621425518925519,486,1.3296850655763361,0.65389369592089,0.6239687350180427,2427,1.3296850655763361,0.65389369592089,0.6239687350180427,2427,4357.000000000012,0.00022951572182694453,0.00022951572182694515,1.0,0.0,2.6106834411621094e-05,converged_objective,0.9365466367453337,105,220
complete,real_world_to_art,real_world,art,2,wasserstein_hard_voronoi,1e-05,,1.458372438326478,,,/home/bgg7950/astro-active-learning/results/domain_adaptation/officehome_frozen/campaigns/round1_150q/runs/real_world_to_art/seed_2/wasserstein_hard_voronoi/run_record.json,1.213156149787033,0.6810699588477366,0.6088980463980465,486,1.138033396238312,0.7124021425628347,0.6543714483196196,2427,1.2074504257643661,0.6934563021519543,0.6361489765133054,2277,691.9157024793392,0.001445262763103516,0.005667181865018032,0.7274600721277693,0.2725399278722308,0.012279286980628967,converged_objective,0.7371014207601547,87,180
complete,real_world_to_art,real_world,art,2,wasserstein_uniform,1e-05,,1.8038977533578873,,,/home/bgg7950/astro-active-learning/results/domain_adaptation/officehome_frozen/campaigns/round1_150q/runs/real_world_to_art/seed_2/wasserstein_uniform/run_record.json,1.1397467702783064,0.6995884773662552,0.6403021978021978,486,1.0861277710022257,0.7194066749072929,0.6753480253706569,2427,1.1319159413413495,0.7013614404918753,0.657513504116333,2277,4507.0000000000155,0.00022187708009762516,0.00022187708009762592,0.9667184379853561,0.033281562014643884,2.490915358066559e-05,converged_objective,0.9642829224467278,104,218
complete,real_world_to_art,real_world,art,3,random_regularized_wasserstein,1e-05,10.0,1.5190167278051376,,,/home/bgg7950/astro-active-learning/results/domain_adaptation/officehome_frozen/campaigns/round1_150q/runs/real_world_to_art/seed_3/random_regularized_wasserstein/lambda_10/run_record.json,1.2541927678709688,0.6666666666666666,0.6138827838827838,486,1.1229034919670562,0.7099299546765554,0.6681019574978603,2427,1.1890851937330418,0.6908212560386473,0.6432171593559513,2277,1077.2062880202463,0.0009283272954504001,0.005494336431736675,0.8383372809295814,0.16166271907041863,0.03106723167002201,converged_objective,0.7933046407997608,95,197
complete,real_world_to_art,real_world,art,3,random_uniform,1e-05,,1.7493952699005604,,,/home/bgg7950/astro-active-learning/results/domain_adaptation/officehome_frozen/campaigns/round1_150q/runs/real_world_to_art/seed_3/random_uniform/run_record.json,1.2733464541959367,0.6646090534979424,0.6311111111111112,486,1.1415220657809937,0.7066337041615163,0.6740734985861906,2427,1.1928269393748958,0.6881862099253404,0.6503066056214211,2277,4507.0000000000155,0.00022187708009762516,0.00022187708009762592,0.9667184379853561,0.033281562014643884,2.7652829885482788e-05,converged_objective,0.9484011959284544,106,223
complete,real_world_to_art,real_world,art,3,source_only_uniform,1e-05,,6.092830002307892,,,/home/bgg7950/astro-active-learning/results/domain_adaptation/officehome_frozen/campaigns/round1_150q/runs/real_world_to_art/seed_3/source_only_uniform/run_record.json,1.3940936065684841,0.6481481481481481,0.6133730158730158,486,1.3296850655763361,0.65389369592089,0.6239687350180427,2427,1.3296850655763361,0.65389369592089,0.6239687350180427,2427,4357.000000000012,0.00022951572182694453,0.00022951572182694515,1.0,0.0,2.440810203552246e-05,converged_objective,0.877932658419013,105,220
complete,real_world_to_art,real_world,art,3,wasserstein_hard_voronoi,1e-05,,1.448178781196475,,,/home/bgg7950/astro-active-learning/results/domain_adaptation/officehome_frozen/campaigns/round1_150q/runs/real_world_to_art/seed_3/wasserstein_hard_voronoi/run_record.json,1.3297757470950406,0.6625514403292181,0.5915628815628815,486,1.1516154563236454,0.7202307375360527,0.6553126716100547,2427,1.2226775961729415,0.7018006148440931,0.6385683021045994,2277,708.5726913673127,0.0014112878074235803,0.00463678516228748,0.7150953116950025,0.28490468830499743,0.01231958344578743,converged_objective,0.7130007483065128,90,187
complete,real_world_to_art,real_world,art,3,wasserstein_uniform,1e-05,,1.8131129778921604,,,/home/bgg7950/astro-active-learning/results/domain_adaptation/officehome_frozen/campaigns/round1_150q/runs/real_world_to_art/seed_3/wasserstein_uniform/run_record.json,1.245454276671702,0.6748971193415638,0.6325732600732601,486,1.0926054622342274,0.7181705809641533,0.6740718259934013,2427,1.1402141105551535,0.7000439174352218,0.6564652880145425,2277,4507.0000000000155,0.00022187708009762516,0.00022187708009762592,0.9667184379853561,0.033281562014643884,2.5589019060134888e-05,converged_objective,0.9636504650115967,106,222
complete,real_world_to_art,real_world,art,4,random_regularized_wasserstein,1e-05,10.0,1.5303126741200686,,,/home/bgg7950/astro-active-learning/results/domain_adaptation/officehome_frozen/campaigns/round1_150q/runs/real_world_to_art/seed_4/random_regularized_wasserstein/lambda_10/run_record.json,1.2943661516690568,0.676954732510288,0.6189804639804639,486,1.1556411778723532,0.703749484960857,0.6571348712145226,2427,1.2245336813165855,0.6842336407553798,0.6367510873675098,2277,1174.8506121884625,0.0008511720465781108,0.004491192262146536,0.8400261313922881,0.1599738686077119,0.030594151467084885,converged_objective,0.7808696068823338,98,206
complete,real_world_to_art,real_world,art,4,random_uniform,1e-05,,1.6494446508586407,,,/home/bgg7950/astro-active-learning/results/domain_adaptation/officehome_frozen/campaigns/round1_150q/runs/real_world_to_art/seed_4/random_uniform/run_record.json,1.2650049720072656,0.6707818930041153,0.6250000000000001,486,1.1706720715560903,0.6996291718170581,0.6650684918213287,2427,1.2266850122687147,0.6802810715854194,0.6453467101560805,2277,4507.0000000000155,0.00022187708009762516,0.00022187708009762592,0.9667184379853561,0.033281562014643884,2.5387853384017944e-05,converged_objective,0.8702689483761787,107,221
complete,real_world_to_art,real_world,art,4,source_only_uniform,1e-05,,6.018973369151354,,,/home/bgg7950/astro-active-learning/results/domain_adaptation/officehome_frozen/campaigns/round1_150q/runs/real_world_to_art/seed_4/source_only_uniform/run_record.json,1.3603170204181567,0.6563786008230452,0.6184004884004884,486,1.3296850655763361,0.65389369592089,0.6239687350180427,2427,1.3296850655763361,0.65389369592089,0.6239687350180427,2427,4357.000000000012,0.00022951572182694453,0.00022951572182694515,1.0,0.0,2.382509410381317e-05,converged_objective,0.8510778546333313,105,220
complete,real_world_to_art,real_world,art,4,wasserstein_hard_voronoi,1e-05,,1.3310509994626045,,,/home/bgg7950/astro-active-learning/results/domain_adaptation/officehome_frozen/campaigns/round1_150q/runs/real_world_to_art/seed_4/wasserstein_hard_voronoi/run_record.json,1.3123183208396048,0.6851851851851852,0.6192704517704517,486,1.1483510978488447,0.7070457354758962,0.6498687248048823,2427,1.2190076084484682,0.6877470355731226,0.6324466712632828,2277,664.1073506081443,0.0015057806529084011,0.0061823802163833074,0.7114889232354457,0.28851107676455434,0.012341128662228584,converged_objective,0.6264890804886818,86,177
complete,real_world_to_art,real_world,art,4,wasserstein_uniform,1e-05,,1.7045593447983265,,,/home/bgg7950/astro-active-learning/results/domain_adaptation/officehome_frozen/campaigns/round1_150q/runs/real_world_to_art/seed_4/wasserstein_uniform/run_record.json,1.2047294638082844,0.6831275720164609,0.6213064713064714,486,1.0943969885675042,0.7169344870210136,0.6733644194907691,2427,1.1422358582168175,0.6991655687307862,0.656516516294247,2277,4507.0000000000155,0.00022187708009762516,0.00022187708009762592,0.9667184379853561,0.033281562014643884,2.606026828289032e-05,converged_objective,0.8594303224235773,104,217
complete,real_world_to_clipart,real_world,clipart,0,random_regularized_wasserstein,1e-05,10.0,1.8581837229430676,,,/home/bgg7950/astro-active-learning/results/domain_adaptation/officehome_frozen/campaigns/round1_150q/runs/real_world_to_clipart/seed_0/random_regularized_wasserstein/lambda_10/run_record.json,2.088413869973753,0.4879725085910653,0.48514111493809037,873,2.0715955491652074,0.49851088201603666,0.4939972680976776,4365,2.1412370340228133,0.48066429418742584,0.4779078826461312,4215,656.9435996472686,0.0015222006889737993,0.005817076091938127,0.6738218677562966,0.3261781322437035,0.0437244176864624,converged_objective,0.9268541317433119,103,214
complete,real_world_to_clipart,real_world,clipart,0,random_regularized_wasserstein,1e-05,100.0,2.777815356850624,,,/home/bgg7950/astro-active-learning/results/domain_adaptation/officehome_frozen/campaigns/round1_150q/runs/real_world_to_clipart/seed_0/random_regularized_wasserstein/lambda_100/run_record.json,2.097946189923099,0.4948453608247423,0.4895529069379987,873,2.0729783761258442,0.49988545246277205,0.4947906598627036,4365,2.1404399684517803,0.48208778173190986,0.4785896789083073,4215,2127.808108498794,0.00046996719112303673,0.0018299523478230413,0.8593723107167851,0.1406276892832149,0.9093003161251545,converged_objective,0.9620228689163923,108,221
complete,real_world_to_clipart,real_world,clipart,0,random_regularized_wasserstein,1e-05,1000.0,2.8709527626633644,,,/home/bgg7950/astro-active-learning/results/domain_adaptation/officehome_frozen/campaigns/round1_150q/runs/real_world_to_clipart/seed_0/random_regularized_wasserstein/lambda_1000/run_record.json,2.0889064884772353,0.48911798396334477,0.4802904480875426,873,2.061587170600762,0.4953035509736541,0.48735502195146246,4365,2.121443134920481,0.47734282325029653,0.4708549956538756,4215,4326.506477667181,0.0002311333647971775,0.0005445725270759517,0.9445927333123794,0.055407266687620596,1.0222370196133852,converged_objective,0.9754577558487654,107,223
complete,real_world_to_clipart,real_world,clipart,0,random_regularized_wasserstein,1e-05,10000.0,2.603860381990671,,,/home/bgg7950/astro-active-learning/results/domain_adaptation/officehome_frozen/campaigns/round1_150q/runs/real_world_to_clipart/seed_0/random_regularized_wasserstein/lambda_10000/run_record.json,2.099227545473897,0.48911798396334477,0.47851762061335773,873,2.073729246424432,0.4936998854524628,0.48576264668080454,4365,2.1285671400701474,0.4763938315539739,0.47003924053108476,4215,4504.006906214165,0.00022202452634348827,0.0002641769980738904,0.9634770125522043,0.03652298744779577,0.8074308149516582,converged_objective,0.9410827476531267,105,218
complete,real_world_to_clipart,real_world,clipart,0,random_uniform,1e-05,,1.9175009652972221,,,/home/bgg7950/astro-active-learning/results/domain_adaptation/officehome_frozen/campaigns/round1_150q/runs/real_world_to_clipart/seed_0/random_uniform/run_record.json,2.103348102817352,0.4936998854524628,0.4855689026646398,873,2.0785359654909406,0.49163802978235965,0.4850415628189536,4365,2.131857714805636,0.4752075919335706,0.4698761351336331,4215,4507.0000000000155,0.00022187708009762516,0.00022187708009762592,0.9667184379853561,0.033281562014643884,2.6259571313858032e-05,converged_objective,0.9580612313002348,107,227
complete,real_world_to_clipart,real_world,clipart,0,source_only_uniform,1e-05,,1.8005945049226284,,,/home/bgg7950/astro-active-learning/results/domain_adaptation/officehome_frozen/campaigns/round1_150q/runs/real_world_to_clipart/seed_0/source_only_uniform/run_record.json,2.499546494608486,0.4306987399770905,0.4374348671359864,873,2.5473255251924147,0.4059564719358534,0.41124724706256194,4365,2.5473255251924147,0.4059564719358534,0.41124724706256194,4365,4357.000000000012,0.00022951572182694453,0.00022951572182694515,1.0,0.0,2.2973865270614624e-05,converged_objective,0.9581602085381746,105,220
complete,real_world_to_clipart,real_world,clipart,0,wasserstein_hard_voronoi,1e-05,,1.7071978449821472,,,/home/bgg7950/astro-active-learning/results/domain_adaptation/officehome_frozen/campaigns/round1_150q/runs/real_world_to_clipart/seed_0/wasserstein_hard_voronoi/run_record.json,2.0316400405400996,0.5108820160366552,0.5147993944612186,873,2.0116342582662474,0.5168384879725086,0.5173177653870265,4365,2.0810394987797363,0.499644128113879,0.5017502780365264,4215,294.47148031876367,0.003395914602383585,0.012313860252004582,0.4106529209621993,0.5893470790378006,0.015579789876937866,converged_objective,0.815505800768733,87,180
complete,real_world_to_clipart,real_world,clipart,0,wasserstein_uniform,1e-05,,1.9926663991063833,,,/home/bgg7950/astro-active-learning/results/domain_adaptation/officehome_frozen/campaigns/round1_150q/runs/real_world_to_clipart/seed_0/wasserstein_uniform/run_record.json,2.015603349164673,0.49942726231386025,0.5030083809709911,873,1.9823168008228365,0.5122565864833906,0.5144059071751355,4365,2.03145118850536,0.4956109134045077,0.49900704347457625,4215,4507.0000000000155,0.00022187708009762516,0.00022187708009762592,0.9667184379853561,0.033281562014643884,2.981536090373993e-05,converged_objective,0.973938437178731,105,221
complete,real_world_to_clipart,real_world,clipart,1,random_regularized_wasserstein,1e-05,10.0,1.6858735959976912,,,/home/bgg7950/astro-active-learning/results/domain_adaptation/officehome_frozen/campaigns/round1_150q/runs/real_world_to_clipart/seed_1/random_regularized_wasserstein/lambda_10/run_record.json,2.185293847625943,0.4753722794959908,0.478225243968278,873,2.154112711139923,0.4829324169530355,0.4862990283529551,4365,2.226620235773515,0.4645314353499407,0.4696981184282832,4215,788.4194934308234,0.0012683603187542709,0.007551455360795147,0.7239400451381321,0.27605995486186785,0.04285571724176407,converged_objective,0.7786272093653679,98,199
complete,real_world_to_clipart,real_world,clipart,1,random_uniform,1e-05,,1.8891305103898048,,,/home/bgg7950/astro-active-learning/results/domain_adaptation/officehome_frozen/campaigns/round1_150q/runs/real_world_to_clipart/seed_1/random_uniform/run_record.json,2.154195119340681,0.47193585337915234,0.4785167702689731,873,2.148343362336238,0.474914089347079,0.48020602902355297,4365,2.2067640545641476,0.45693950177935944,0.46365400130383544,4215,4507.0000000000155,0.00022187708009762516,0.00022187708009762592,0.9667184379853561,0.033281562014643884,2.767518162727356e-05,converged_objective,0.9458298049867153,105,219
complete,real_world_to_clipart,real_world,clipart,1,source_only_uniform,1e-05,,1.86289494484663,,,/home/bgg7950/astro-active-learning/results/domain_adaptation/officehome_frozen/campaigns/round1_150q/runs/real_world_to_clipart/seed_1/source_only_uniform/run_record.json,2.5061832325165008,0.41809851088201605,0.42156983129595654,873,2.5473255251924147,0.4059564719358534,0.41124724706256194,4365,2.5473255251924147,0.4059564719358534,0.41124724706256194,4365,4357.000000000012,0.00022951572182694453,0.00022951572182694515,1.0,0.0,2.5678426027297974e-05,converged_objective,0.9640746153891087,105,220
complete,real_world_to_clipart,real_world,clipart,1,wasserstein_hard_voronoi,1e-05,,1.6433111261576414,,,/home/bgg7950/astro-active-learning/results/domain_adaptation/officehome_frozen/campaigns/round1_150q/runs/real_world_to_clipart/seed_1/wasserstein_hard_voronoi/run_record.json,2.06711372816852,0.4845360824742268,0.4885969600508776,873,2.0091205847103044,0.5202749140893471,0.5160622852676997,4365,2.078481386289327,0.503202846975089,0.5014643378774258,4215,301.9528526148969,0.003311775303131098,0.011168384879725086,0.42411225658648344,0.5758877434135166,0.01545790582895279,converged_objective,0.7543332166969776,90,186
complete,real_world_to_clipart,real_world,clipart,1,wasserstein_uniform,1e-05,,2.006699113175273,,,/home/bgg7950/astro-active-learning/results/domain_adaptation/officehome_frozen/campaigns/round1_150q/runs/real_world_to_clipart/seed_1/wasserstein_uniform/run_record.json,2.034812542612354,0.4845360824742268,0.48417640415735197,873,1.9955192581555405,0.5223367697594502,0.5192723785789896,4365,2.046098610195875,0.505338078291815,0.5040903596028782,4215,4507.0000000000155,0.00022187708009762516,0.00022187708009762592,0.9667184379853561,0.033281562014643884,2.6388093829154968e-05,converged_objective,0.9560102764517069,106,220
complete,real_world_to_clipart,real_world,clipart,2,random_regularized_wasserstein,1e-05,10.0,1.8224263712763786,,,/home/bgg7950/astro-active-learning/results/domain_adaptation/officehome_frozen/campaigns/round1_150q/runs/real_world_to_clipart/seed_2/random_regularized_wasserstein/lambda_10/run_record.json,2.127099071707653,0.4742268041237113,0.4647267126512185,873,2.1160110232691802,0.4815578465063001,0.4727669247661714,4365,2.1871663189114194,0.4631079478054567,0.456081129284984,4215,772.5787804057154,0.001294366380959694,0.005148674818411886,0.7061843704090536,0.2938156295909464,0.04343871586024761,converged_objective,0.8791323564946651,99,202
complete,real_world_to_clipart,real_world,clipart,2,random_uniform,1e-05,,1.9018560014665127,,,/home/bgg7950/astro-active-learning/results/domain_adaptation/officehome_frozen/campaigns/round1_150q/runs/real_world_to_clipart/seed_2/random_uniform/run_record.json,2.1386064437020984,0.46849942726231386,0.46929308710923384,873,2.138021622414885,0.4739977090492554,0.4709857552277641,4365,2.1944017258735995,0.45599051008303676,0.4547487489474234,4215,4507.0000000000155,0.00022187708009762516,0.00022187708009762592,0.9667184379853561,0.033281562014643884,2.3985281586647034e-05,converged_objective,0.9384931288659573,103,217
complete,real_world_to_clipart,real_world,clipart,2,source_only_uniform,1e-05,,1.844391044229269,,,/home/bgg7950/astro-active-learning/results/domain_adaptation/officehome_frozen/campaigns/round1_150q/runs/real_world_to_clipart/seed_2/source_only_uniform/run_record.json,2.507846908783492,0.4054982817869416,0.416126668044982,873,2.5473255251924147,0.4059564719358534,0.41124724706256194,4365,2.5473255251924147,0.4059564719358534,0.41124724706256194,4365,4357.000000000012,0.00022951572182694453,0.00022951572182694515,1.0,0.0,2.3443251848220825e-05,converged_objective,0.9588156845420599,105,220
complete,real_world_to_clipart,real_world,clipart,2,wasserstein_hard_voronoi,1e-05,,1.6009903959929943,,,/home/bgg7950/astro-active-learning/results/domain_adaptation/officehome_frozen/campaigns/round1_150q/runs/real_world_to_clipart/seed_2/wasserstein_hard_voronoi/run_record.json,2.046135414503963,0.5040091638029782,0.503628182896461,873,2.0026609011225065,0.5184421534936999,0.5126102170091072,4365,2.071742110586178,0.5013048635824436,0.4977635157657476,4215,297.1697616610616,0.0033650799274138623,0.012600229095074456,0.41552119129438714,0.5844788087056128,0.01550666056573391,converged_objective,0.7209910452365875,86,178
complete,real_world_to_clipart,real_world,clipart,2,wasserstein_uniform,1e-05,,1.9815828762948513,,,/home/bgg7950/astro-active-learning/results/domain_adaptation/officehome_frozen/campaigns/round1_150q/runs/real_world_to_clipart/seed_2/wasserstein_uniform/run_record.json,2.020732611730846,0.5074455899198167,0.5168849317706189,873,1.97253694148357,0.5209621993127148,0.5228296574291454,4365,2.0214727180874448,0.5051008303677342,0.5086839758414207,4215,4507.0000000000155,0.00022187708009762516,0.00022187708009762592,0.9667184379853561,0.033281562014643884,2.5238841772079468e-05,converged_objective,0.9599347226321697,104,217
complete,real_world_to_clipart,real_world,clipart,3,random_regularized_wasserstein,1e-05,10.0,1.7405186481773853,,,/home/bgg7950/astro-active-learning/results/domain_adaptation/officehome_frozen/campaigns/round1_150q/runs/real_world_to_clipart/seed_3/random_regularized_wasserstein/lambda_10/run_record.json,2.12639630731108,0.46964490263459335,0.4594658307345852,873,2.0703879757335644,0.49759450171821307,0.49641839784871783,4365,2.1404580585979454,0.4797153024911032,0.4801498971685889,4215,720.2082730241942,0.0013884872438370429,0.006473001182434528,0.6836807246734677,0.31631927532653226,0.04306928440928459,converged_objective,0.8342889342457056,97,199
complete,real_world_to_clipart,real_world,clipart,3,random_uniform,1e-05,,1.8703049886971712,,,/home/bgg7950/astro-active-learning/results/domain_adaptation/officehome_frozen/campaigns/round1_150q/runs/real_world_to_clipart/seed_3/random_uniform/run_record.json,2.1559082433799857,0.45933562428407787,0.4538655103992089,873,2.10331278247518,0.48064146620847653,0.4838193846415529,4365,2.1595880193424057,0.46215895610913404,0.46676498582348575,4215,4507.0000000000155,0.00022187708009762516,0.00022187708009762592,0.9667184379853561,0.033281562014643884,2.6790425181388855e-05,converged_objective,0.9221560191363096,103,216
complete,real_world_to_clipart,real_world,clipart,3,source_only_uniform,1e-05,,1.8344654254615307,,,/home/bgg7950/astro-active-learning/results/domain_adaptation/officehome_frozen/campaigns/round1_150q/runs/real_world_to_clipart/seed_3/source_only_uniform/run_record.json,2.581889170792397,0.3940435280641466,0.39504538071280154,873,2.5473255251924147,0.4059564719358534,0.41124724706256194,4365,2.5473255251924147,0.4059564719358534,0.41124724706256194,4365,4357.000000000012,0.00022951572182694453,0.00022951572182694515,1.0,0.0,2.4838373064994812e-05,converged_objective,0.9175672885030508,105,220
complete,real_world_to_clipart,real_world,clipart,3,wasserstein_hard_voronoi,1e-05,,1.5812448617070913,,,/home/bgg7950/astro-active-learning/results/domain_adaptation/officehome_frozen/campaigns/round1_150q/runs/real_world_to_clipart/seed_3/wasserstein_hard_voronoi/run_record.json,2.0909567485876424,0.4845360824742268,0.4735322293276568,873,2.047057674203004,0.5099656357388316,0.5060504663566874,4365,2.117717937492882,0.4925266903914591,0.4897592861869662,4215,307.55811138014514,0.003251418067020152,0.01059564719358534,0.42497136311569306,0.5750286368843069,0.015561195090413094,converged_objective,0.6929907761514187,85,175
complete,real_world_to_clipart,real_world,clipart,3,wasserstein_uniform,1e-05,,1.9713583290576935,,,/home/bgg7950/astro-active-learning/results/domain_adaptation/officehome_frozen/campaigns/round1_150q/runs/real_world_to_clipart/seed_3/wasserstein_uniform/run_record.json,2.0606204267844546,0.4948453608247423,0.4895528847987767,873,2.002692715497435,0.5095074455899198,0.5104645041735563,4365,2.0524803494660673,0.4927639383155397,0.49441314214078386,4215,4507.0000000000155,0.00022187708009762516,0.00022187708009762592,0.9667184379853561,0.033281562014643884,2.863071858882904e-05,converged_objective,0.9420192111283541,104,215
complete,real_world_to_clipart,real_world,clipart,4,random_regularized_wasserstein,1e-05,10.0,1.7936587259173393,,,/home/bgg7950/astro-active-learning/results/domain_adaptation/officehome_frozen/campaigns/round1_150q/runs/real_world_to_clipart/seed_4/random_regularized_wasserstein/lambda_10/run_record.json,2.105526461041582,0.4822451317296678,0.46132995580006775,873,2.0367009347434735,0.5024054982817869,0.4859407532599449,4365,2.104869015597752,0.48469750889679714,0.4698319180879082,4215,707.3697822358133,0.0014136877558428608,0.006076479641622575,0.6924682483587227,0.3075317516412772,0.04328962415456772,converged_objective,0.8906196765601635,102,210
complete,real_world_to_clipart,real_world,clipart,4,random_uniform,1e-05,,1.8601122591644526,,,/home/bgg7950/astro-active-learning/results/domain_adaptation/officehome_frozen/campaigns/round1_150q/runs/real_world_to_clipart/seed_4/random_uniform/run_record.json,2.131321961040345,0.4856815578465063,0.4720297481222701,873,2.0731868940804254,0.4927835051546392,0.4826769979246361,4365,2.127702198781595,0.4759193357058126,0.46761002671574975,4215,4507.0000000000155,0.00022187708009762516,0.00022187708009762592,0.9667184379853561,0.033281562014643884,2.6579946279525757e-05,converged_objective,0.9088641256093979,103,217
complete,real_world_to_clipart,real_world,clipart,4,source_only_uniform,1e-05,,1.7862709891051054,,,/home/bgg7950/astro-active-learning/results/domain_adaptation/officehome_frozen/campaigns/round1_150q/runs/real_world_to_clipart/seed_4/source_only_uniform/run_record.json,2.5548485241743237,0.40778923253150057,0.41346203695751205,873,2.5473255251924147,0.4059564719358534,0.41124724706256194,4365,2.5473255251924147,0.4059564719358534,0.41124724706256194,4365,4357.000000000012,0.00022951572182694453,0.00022951572182694515,1.0,0.0,2.386420965194702e-05,converged_objective,0.9291607812047005,105,220
complete,real_world_to_clipart,real_world,clipart,4,wasserstein_hard_voronoi,1e-05,,1.576908940449357,,,/home/bgg7950/astro-active-learning/results/domain_adaptation/officehome_frozen/campaigns/round1_150q/runs/real_world_to_clipart/seed_4/wasserstein_hard_voronoi/run_record.json,2.1173932516932528,0.4879725085910653,0.4809794584764816,873,2.0131668887139793,0.5225658648339061,0.5183110369387087,4365,2.0826101150740524,0.5055753262158956,0.5029293276812055,4215,302.92800715456855,0.0033011143782745436,0.01202749140893471,0.4232531500572738,0.5767468499427262,0.015516912564635277,converged_objective,0.7001694906502962,86,178
complete,real_world_to_clipart,real_world,clipart,4,wasserstein_uniform,1e-05,,1.964346094056964,,,/home/bgg7950/astro-active-learning/results/domain_adaptation/officehome_frozen/campaigns/round1_150q/runs/real_world_to_clipart/seed_4/wasserstein_uniform/run_record.json,2.0732103131798723,0.49140893470790376,0.4872387380817959,873,1.9850726589981231,0.5122565864833906,0.5114117683446453,4365,2.0339846643725705,0.49608540925266903,0.4960027412159258,4215,4507.0000000000155,0.00022187708009762516,0.00022187708009762592,0.9667184379853561,0.033281562014643884,2.5598332285881042e-05,converged_objective,0.9471267405897379,105,221
complete,real_world_to_product,real_world,product,0,random_regularized_wasserstein,1e-05,10.0,1.5640769600868225,,,/home/bgg7950/astro-active-learning/results/domain_adaptation/officehome_frozen/campaigns/round1_150q/runs/real_world_to_product/seed_0/random_regularized_wasserstein/lambda_10/run_record.json,0.7563160264444772,0.7905405405405406,0.7711033269606739,888,0.7238563906162357,0.8028835323271007,0.7866264399003197,4439,0.7460657921397158,0.7959897411984146,0.779443540544308,4289,770.2577258817151,0.0012982667572146694,0.004857376692361099,0.7922255425573561,0.20777445744264383,0.0422629788517952,converged_objective,0.6531546264886856,83,173
complete,real_world_to_product,real_world,product,0,random_regularized_wasserstein,1e-05,100.0,2.4082584511488676,,,/home/bgg7950/astro-active-learning/results/domain_adaptation/officehome_frozen/campaigns/round1_150q/runs/real_world_to_product/seed_0/random_regularized_wasserstein/lambda_100/run_record.json,0.7263415121130865,0.7916666666666666,0.7742713721672998,888,0.7098625518453222,0.8022077044379364,0.7897517250781347,4439,0.7305663648979642,0.795290277453952,0.7826700834695515,4289,2276.3474881968723,0.0004393002409276777,0.0014220322576371975,0.8933391448282548,0.10666085517174517,0.7830078434199095,converged_objective,0.7587220892310143,98,203
complete,real_world_to_product,real_world,product,0,random_regularized_wasserstein,1e-05,1000.0,3.059360643848777,,,/home/bgg7950/astro-active-learning/results/domain_adaptation/officehome_frozen/campaigns/round1_150q/runs/real_world_to_product/seed_0/random_regularized_wasserstein/lambda_1000/run_record.json,0.7560517651517376,0.786036036036036,0.7696915518658791,888,0.7412761869885238,0.7911691822482542,0.7793397012643405,4439,0.7603838680028634,0.7840988575425507,0.7720675940111383,4289,4312.840941386607,0.0002318657269281286,0.000550421714574535,0.9504349243199919,0.049565075680008244,1.258264722302556,converged_objective,0.9206580333411694,104,220
complete,real_world_to_product,real_world,product,0,random_regularized_wasserstein,1e-05,10000.0,2.6089235488325357,,,/home/bgg7950/astro-active-learning/results/domain_adaptation/officehome_frozen/campaigns/round1_150q/runs/real_world_to_product/seed_0/random_regularized_wasserstein/lambda_10000/run_record.json,0.7729289996813309,0.7815315315315315,0.7661467925316461,888,0.7590211808287586,0.7844109033566119,0.7725047781834312,4439,0.7771031741875961,0.7773373746794124,0.7651537351631484,4289,4503.9810358831755,0.0002220258016259414,0.00025723092195372214,0.9642969555214479,0.03570304447855212,0.8937619850039482,converged_objective,0.8129092901945114,99,209
complete,real_world_to_product,real_world,product,0,random_uniform,1e-05,,1.860375002026558,,,/home/bgg7950/astro-active-learning/results/domain_adaptation/officehome_frozen/campaigns/round1_150q/runs/real_world_to_product/seed_0/random_uniform/run_record.json,0.7765218475682585,0.7804054054054054,0.7644373908222444,888,0.7629077584703565,0.7839603514305024,0.771835565599325,4439,0.7807225572370612,0.7768710655164374,0.7644455544549676,4289,4507.0000000000155,0.00022187708009762516,0.00022187708009762592,0.9667184379853561,0.033281562014643884,2.5616958737373352e-05,converged_objective,0.9154318533837795,104,214
complete,real_world_to_product,real_world,product,0,source_only_uniform,1e-05,,1.7899515926837921,,,/home/bgg7950/astro-active-learning/results/domain_adaptation/officehome_frozen/campaigns/round1_150q/runs/real_world_to_product/seed_0/source_only_uniform/run_record.json,0.8538399768262017,0.7578828828828829,0.7448250733151901,888,0.8674434016002732,0.7567019599008786,0.7467436497825523,4439,0.8674434016002732,0.7567019599008786,0.7467436497825523,4439,4357.000000000012,0.00022951572182694453,0.00022951572182694515,1.0,0.0,2.3854896426200867e-05,converged_objective,0.9431630093604326,105,220
complete,real_world_to_product,real_world,product,0,wasserstein_hard_voronoi,1e-05,,1.4711689688265324,,,/home/bgg7950/astro-active-learning/results/domain_adaptation/officehome_frozen/campaigns/round1_150q/runs/real_world_to_product/seed_0/wasserstein_hard_voronoi/run_record.json,0.6861378461639737,0.8175675675675675,0.7971952141558,888,0.6351342433451264,0.8387024104528047,0.8247083842698018,4439,0.6556271068027246,0.8330613196549312,0.8189636768001698,4289,481.63175585348165,0.0020762750542225716,0.008166713601802308,0.5978597578147,0.4021402421852999,0.015663497149944305,converged_objective,0.5793716832995415,80,167
complete,real_world_to_product,real_world,product,0,wasserstein_uniform,1e-05,,1.9235715586692095,,,/home/bgg7950/astro-active-learning/results/domain_adaptation/officehome_frozen/campaigns/round1_150q/runs/real_world_to_product/seed_0/wasserstein_uniform/run_record.json,0.7216465780433994,0.793918918918919,0.7779158529676511,888,0.7006089307841571,0.8112187429601262,0.7999393075940568,4439,0.7170863058184385,0.805082769876428,0.7933201395128222,4289,4507.0000000000155,0.00022187708009762516,0.00022187708009762592,0.9667184379853561,0.033281562014643884,2.63117253780365e-05,converged_objective,0.8897535465657711,101,210
complete,real_world_to_product,real_world,product,1,random_regularized_wasserstein,1e-05,10.0,1.6447114925831556,,,/home/bgg7950/astro-active-learning/results/domain_adaptation/officehome_frozen/campaigns/round1_150q/runs/real_world_to_product/seed_1/random_regularized_wasserstein/lambda_10/run_record.json,0.7464025740078567,0.8040540540540541,0.7811754667232161,888,0.736570120875044,0.8109934669970714,0.7985955480278668,4439,0.758785981415061,0.8043833061319655,0.7929789750542666,4289,817.4067937217189,0.0012233810725341778,0.005537991592739497,0.7968589740016353,0.2031410259983648,0.042833082377910614,converged_objective,0.7261845860630274,87,181
complete,real_world_to_product,real_world,product,1,random_uniform,1e-05,,1.8464942164719105,,,/home/bgg7950/astro-active-learning/results/domain_adaptation/officehome_frozen/campaigns/round1_150q/runs/real_world_to_product/seed_1/random_uniform/run_record.json,0.7742522983692891,0.786036036036036,0.7667521509608912,888,0.7707450830246736,0.7922955620635278,0.7818561439948584,4439,0.7892845224087138,0.7850314758685009,0.7752984115845746,4289,4507.0000000000155,0.00022187708009762516,0.00022187708009762592,0.9667184379853561,0.033281562014643884,2.4335458874702454e-05,converged_objective,0.8773487396538258,100,208
complete,real_world_to_product,real_world,product,1,source_only_uniform,1e-05,,1.759484639391303,,,/home/bgg7950/astro-active-learning/results/domain_adaptation/officehome_frozen/campaigns/round1_150q/runs/real_world_to_product/seed_1/source_only_uniform/run_record.json,0.8480979916257897,0.7567567567567568,0.7373768625066554,888,0.8674434016002732,0.7567019599008786,0.7467436497825523,4439,0.8674434016002732,0.7567019599008786,0.7467436497825523,4439,4357.000000000012,0.00022951572182694453,0.00022951572182694515,1.0,0.0,2.4586915969848633e-05,converged_objective,0.9072073511779308,105,220
complete,real_world_to_product,real_world,product,1,wasserstein_hard_voronoi,1e-05,,1.5556293316185474,,,/home/bgg7950/astro-active-learning/results/domain_adaptation/officehome_frozen/campaigns/round1_150q/runs/real_world_to_product/seed_1/wasserstein_hard_voronoi/run_record.json,0.6655705255908203,0.8254504504504504,0.799655754792692,888,0.6326058813813558,0.8348727190808741,0.8174398155714517,4439,0.6528050676794761,0.8290976917696433,0.8116880541041717,4289,493.12115286848393,0.002027899217429639,0.008729935229512813,0.6082793579273444,0.39172064207265567,0.015422200784087181,converged_objective,0.6692183967679739,82,170
complete,real_world_to_product,real_world,product,1,wasserstein_uniform,1e-05,,1.9666812475770712,,,/home/bgg7950/astro-active-learning/results/domain_adaptation/officehome_frozen/campaigns/round1_150q/runs/real_world_to_product/seed_1/wasserstein_uniform/run_record.json,0.714979892343177,0.7995495495495496,0.7791591658982705,888,0.690978449358195,0.809641811218743,0.7970252171875221,4439,0.7057466640459289,0.8036838423875029,0.7907526729250831,4289,4507.0000000000155,0.00022187708009762516,0.00022187708009762592,0.9667184379853561,0.033281562014643884,2.5197863578796387e-05,converged_objective,0.9418828133493662,103,216
complete,real_world_to_product,real_world,product,2,random_regularized_wasserstein,1e-05,10.0,1.659279864281416,,,/home/bgg7950/astro-active-learning/results/domain_adaptation/officehome_frozen/campaigns/round1_150q/runs/real_world_to_product/seed_2/random_regularized_wasserstein/lambda_10/run_record.json,0.7268986029701919,0.7961711711711712,0.7798048952978698,888,0.6886301981790012,0.8112187429601262,0.7937245639445132,4439,0.7093528999305208,0.804616460713453,0.7869681047208763,4289,832.2155120180571,0.0012016118247725025,0.00433488002612927,0.79686845121664,0.20313154878336004,0.04272325523197651,converged_objective,0.746415238827467,89,181
complete,real_world_to_product,real_world,product,2,random_uniform,1e-05,,1.900423625484109,,,/home/bgg7950/astro-active-learning/results/domain_adaptation/officehome_frozen/campaigns/round1_150q/runs/real_world_to_product/seed_2/random_uniform/run_record.json,0.7779323884131857,0.7826576576576577,0.7679524526702426,888,0.7470109074569622,0.7913944582113088,0.7770747628005534,4439,0.7639809798720008,0.7845651667055258,0.7699720830653192,4289,4507.0000000000155,0.00022187708009762516,0.00022187708009762592,0.9667184379853561,0.033281562014643884,2.5937333703041077e-05,converged_objective,0.9500473793596029,104,217
complete,real_world_to_product,real_world,product,2,source_only_uniform,1e-05,,1.866667354479432,,,/home/bgg7950/astro-active-learning/results/domain_adaptation/officehome_frozen/campaigns/round1_150q/runs/real_world_to_product/seed_2/source_only_uniform/run_record.json,0.869372009691589,0.75,0.743125549003139,888,0.8674434016002732,0.7567019599008786,0.7467436497825523,4439,0.8674434016002732,0.7567019599008786,0.7467436497825523,4439,4357.000000000012,0.00022951572182694453,0.00022951572182694515,1.0,0.0,2.4164095520973206e-05,converged_objective,0.9672517217695713,105,220
complete,real_world_to_product,real_world,product,2,wasserstein_hard_voronoi,1e-05,,1.5387732554227114,,,/home/bgg7950/astro-active-learning/results/domain_adaptation/officehome_frozen/campaigns/round1_150q/runs/real_world_to_product/seed_2/wasserstein_hard_voronoi/run_record.json,0.669212896195601,0.8288288288288288,0.8162150876696007,888,0.6248672941036143,0.8387024104528047,0.8244843378487867,4439,0.6446751808000711,0.8330613196549312,0.8187996391308632,4289,497.1260003942442,0.002011562459430714,0.007885102787947058,0.6189805688538439,0.38101943114615605,0.015425173565745354,converged_objective,0.6575982328504324,80,168
complete,real_world_to_product,real_world,product,2,wasserstein_uniform,1e-05,,2.0038577374070883,,,/home/bgg7950/astro-active-learning/results/domain_adaptation/officehome_frozen/campaigns/round1_150q/runs/real_world_to_product/seed_2/wasserstein_uniform/run_record.json,0.7163415496243676,0.8006756756756757,0.7898270649860315,888,0.6815925198490274,0.8150484343320568,0.80418028168524,4439,0.6953751712515763,0.8092795523432036,0.7977464404837289,4289,4507.0000000000155,0.00022187708009762516,0.00022187708009762592,0.9667184379853561,0.033281562014643884,2.5857239961624146e-05,converged_objective,0.9525794684886932,103,217
complete,real_world_to_product,real_world,product,3,random_regularized_wasserstein,1e-05,10.0,1.6246815640479326,,,/home/bgg7950/astro-active-learning/results/domain_adaptation/officehome_frozen/campaigns/round1_150q/runs/real_world_to_product/seed_3/random_regularized_wasserstein/lambda_10/run_record.json,0.7183787096541713,0.8029279279279279,0.788583440189775,888,0.6992556938787905,0.814823158369002,0.7983647142275258,4439,0.7198319197333477,0.8083469340172534,0.791736418604116,4289,820.6077213206819,0.0012186090552384825,0.005030538829264742,0.8048569690701327,0.19514303092986734,0.04338186979293823,converged_objective,0.7033369466662407,86,178
complete,real_world_to_product,real_world,product,3,random_uniform,1e-05,,1.8474119119346142,,,/home/bgg7950/astro-active-learning/results/domain_adaptation/officehome_frozen/campaigns/round1_150q/runs/real_world_to_product/seed_3/random_uniform/run_record.json,0.7727906746541514,0.7905405405405406,0.7792360179446391,888,0.7510545309548894,0.7925208380265826,0.7811107677918684,4439,0.7674612861304404,0.7859640941944509,0.7745759715240004,4289,4507.0000000000155,0.00022187708009762516,0.00022187708009762592,0.9667184379853561,0.033281562014643884,2.5739893317222595e-05,converged_objective,0.8893878813832998,100,209
complete,real_world_to_product,real_world,product,3,source_only_uniform,1e-05,,1.820180969312787,,,/home/bgg7950/astro-active-learning/results/domain_adaptation/officehome_frozen/campaigns/round1_150q/runs/real_world_to_product/seed_3/source_only_uniform/run_record.json,0.867746097817189,0.759009009009009,0.7516636959796047,888,0.8674434016002732,0.7567019599008786,0.7467436497825523,4439,0.8674434016002732,0.7567019599008786,0.7467436497825523,4439,4357.000000000012,0.00022951572182694453,0.00022951572182694515,1.0,0.0,2.4458393454551697e-05,converged_objective,0.9524375200271606,105,220
complete,real_world_to_product,real_world,product,3,wasserstein_hard_voronoi,1e-05,,1.5903907380998135,,,/home/bgg7950/astro-active-learning/results/domain_adaptation/officehome_frozen/campaigns/round1_150q/runs/real_world_to_product/seed_3/wasserstein_hard_voronoi/run_record.json,0.6517722914513526,0.8367117117117117,0.8252676875795476,888,0.6378012426668879,0.8362243748592025,0.819921017141722,4439,0.6582217254171914,0.8304966192585684,0.8138333225077335,4289,510.4481641905841,0.001959062780812811,0.007603491974091805,0.6277105040833568,0.37228949591664323,0.015498504042625427,converged_objective,0.6756302993744612,82,171
complete,real_world_to_product,real_world,product,3,wasserstein_uniform,1e-05,,2.0096114464104176,,,/home/bgg7950/astro-active-learning/results/domain_adaptation/officehome_frozen/campaigns/round1_150q/runs/real_world_to_product/seed_3/wasserstein_uniform/run_record.json,0.7181042199714572,0.8006756756756757,0.7925051064941515,888,0.6973891325103724,0.8049110159945934,0.7937654484515918,4439,0.7129349104027869,0.7987875961762648,0.786805490085409,4289,4507.0000000000155,0.00022187708009762516,0.00022187708009762592,0.9667184379853561,0.033281562014643884,2.6380643248558044e-05,converged_objective,0.9730048272758722,105,221
complete,real_world_to_product,real_world,product,4,random_regularized_wasserstein,1e-05,10.0,1.6509280242025852,,,/home/bgg7950/astro-active-learning/results/domain_adaptation/officehome_frozen/campaigns/round1_150q/runs/real_world_to_product/seed_4/random_regularized_wasserstein/lambda_10/run_record.json,0.6877769050648921,0.8085585585585585,0.7852471856026274,888,0.6858120807737983,0.8145978824059473,0.796873235803845,4439,0.7060897222507478,0.8081137794357659,0.7907503776928295,4289,848.4668580720725,0.001178596418335359,0.0050112753479929235,0.7899711301433181,0.21002886985668193,0.04245423898100853,converged_objective,0.7382760476320982,90,186
complete,real_world_to_product,real_world,product,4,random_uniform,1e-05,,1.782291503623128,,,/home/bgg7950/astro-active-learning/results/domain_adaptation/officehome_frozen/campaigns/round1_150q/runs/real_world_to_product/seed_4/random_uniform/run_record.json,0.7349571486011106,0.7837837837837838,0.7649941343618409,888,0.7526464154037107,0.7913944582113088,0.7795191625610184,4439,0.7698842197243186,0.7845651667055258,0.773020532511645,4289,4507.0000000000155,0.00022187708009762516,0.00022187708009762592,0.9667184379853561,0.033281562014643884,2.7040019631385803e-05,converged_objective,0.833601700142026,103,214
complete,real_world_to_product,real_world,product,4,source_only_uniform,1e-05,,1.8021397963166237,,,/home/bgg7950/astro-active-learning/results/domain_adaptation/officehome_frozen/campaigns/round1_150q/runs/real_world_to_product/seed_4/source_only_uniform/run_record.json,0.8311274857679664,0.7533783783783784,0.7404339419676406,888,0.8674434016002732,0.7567019599008786,0.7467436497825523,4439,0.8674434016002732,0.7567019599008786,0.7467436497825523,4439,4357.000000000012,0.00022951572182694453,0.00022951572182694515,1.0,0.0,2.3635104298591614e-05,converged_objective,0.9358702935278416,105,220
complete,real_world_to_product,real_world,product,4,wasserstein_hard_voronoi,1e-05,,1.6124758254736662,,,/home/bgg7950/astro-active-learning/results/domain_adaptation/officehome_frozen/campaigns/round1_150q/runs/real_world_to_product/seed_4/wasserstein_hard_voronoi/run_record.json,0.6470070531564637,0.8355855855855856,0.8190035118357338,888,0.6304175544023876,0.8400540662311331,0.8272457612334134,4439,0.6504880850382159,0.8344602471438564,0.8214342049120644,4289,476.46329113924065,0.002098797574958953,0.00844832441565756,0.6037735849056604,0.39622641509433965,0.015477804467082024,converged_objective,0.6461407914757729,81,171
complete,real_world_to_product,real_world,product,4,wasserstein_uniform,1e-05,,2.001987988129258,,,/home/bgg7950/astro-active-learning/results/domain_adaptation/officehome_frozen/campaigns/round1_150q/runs/real_world_to_product/seed_4/wasserstein_uniform/run_record.json,0.6824238354615461,0.8018018018018018,0.7840807933169209,888,0.6889543609545713,0.8123451227753998,0.8024423557055318,4439,0.7035661951237308,0.8067148519468408,0.7958976264429871,4289,4507.0000000000155,0.00022187708009762516,0.00022187708009762592,0.9667184379853561,0.033281562014643884,2.950429916381836e-05,converged_objective,0.9487557392567396,105,224
