
============================================================
  Matched baseline 1: pure Wasserstein query + no reweight
  Output: xgb_wasserstein_l2_noclassbalance_fixed10k_fullheldout_reweightfull_150q_5seeds_eval15/al_xgb_wasserstein_none_150_lambda_0_queryonly
============================================================
/usr/lib/python3/dist-packages/scipy/__init__.py:146: UserWarning: A NumPy version >=1.17.3 and <1.25.0 is required for this version of SciPy (detected version 1.26.4
  warnings.warn(f"A NumPy version >={np_minversion} and <{np_maxversion}"
  [Torch] CUDA detected; TF32 matmul enabled where supported.
Loading warm-start data from bp_rp_lamost_normalized_low_teff.h5 ...
Loading full population from bp_rp_lamost_normalized.h5 ...
  Data loaded in 17.3s
  Warm-start: 384396 (MP=1347, MR=383049)
  Pool: 4042878 (MP=7375, MR=4035503)
  Eval set: 500000 (MP=971, MR=499029)
  Eval source: full_heldout
  Eval original warm-start membership: 43666/500000 (8.7332%)
  Eval/final warm-start overlap: 0
  Eval/query pool overlap: 0
  Train weight-sum mode: fixed; initial labeled count=384396; initial target sum=10000
  Reweight target source: full_non_eval (final warm-start + query pool); total=4427274, final warm-start contribution=384396 (8.6825%)

============================================================
Trial 1 / 5  (seed=42)
============================================================
  [TrainWeights] class_balance=none mode=fixed target=10000 total=10000 MP=35.042 MR=9964.96
/home/bgg7950/.local/lib/python3.10/site-packages/xgboost/training.py:200: UserWarning: [01:58:00] WARNING: /__w/xgboost/xgboost/src/learner.cc:782: 
Parameters: { "use_label_encoder" } are not used.

  bst.update(dtrain, iteration=i, fobj=obj)
  [Timing] Classifier train: 1.74s
/home/bgg7950/.local/lib/python3.10/site-packages/xgboost/core.py:751: UserWarning: [01:58:01] WARNING: /__w/xgboost/xgboost/src/common/error_msg.cc:62: Falling back to prediction using DMatrix due to mismatched devices. This might lead to higher memory usage and slower performance. XGBoost is running on: cuda:0, while the input data is on: cpu.
Potential solutions:
- Use a data structure that matches the device ordinal in the booster.
- Set the device for booster before call to inplace_predict.

This warning will only be shown once.

  return func(**kwargs)
  [Timing] Evaluation: 1.07s
[Query    0] Acc=0.9982  Loss(test MP=1.6658 MR=0.0297 avg=0.8478)  labeled=384396 (MP=1347, MR=383049)
  >> AUC snapshot at 0 queries: PR-AUC(trapz) = 0.2634; AP = 0.2647
  [GPU] Wasserstein coupling: pool_size=45000, selecting 15
  [Timing] Wasserstein plan build: 1.34s
  [Timing] wasserstein query selection: 1.35s
  [TrainWeights] class_balance=none mode=fixed target=10000 total=10000 MP=35.0406 MR=9964.96
/home/bgg7950/.local/lib/python3.10/site-packages/xgboost/training.py:200: UserWarning: [01:58:05] WARNING: /__w/xgboost/xgboost/src/learner.cc:782: 
Parameters: { "use_label_encoder" } are not used.

  bst.update(dtrain, iteration=i, fobj=obj)
  [Timing] Classifier train: 1.60s
  [Timing] Evaluation: 1.02s
[Query   15] Acc=0.9981  Loss(test MP=1.6681 MR=0.0303 avg=0.8492)  labeled=384411 (MP=1347, MR=383064)
  >> AUC snapshot at 15 queries: PR-AUC(trapz) = 0.2542; AP = 0.2555
  [GPU] Wasserstein coupling: pool_size=45000, selecting 15
  [Timing] Wasserstein plan build: 1.17s
  [Timing] wasserstein query selection: 1.18s
  [TrainWeights] class_balance=none mode=fixed target=10000 total=10000 MP=35.0393 MR=9964.96
/home/bgg7950/.local/lib/python3.10/site-packages/xgboost/training.py:200: UserWarning: [01:58:10] WARNING: /__w/xgboost/xgboost/src/learner.cc:782: 
Parameters: { "use_label_encoder" } are not used.

  bst.update(dtrain, iteration=i, fobj=obj)
  [Timing] Classifier train: 1.60s
  [Timing] Evaluation: 1.03s
[Query   30] Acc=0.9982  Loss(test MP=1.6834 MR=0.0292 avg=0.8563)  labeled=384426 (MP=1347, MR=383079)
  >> AUC snapshot at 30 queries: PR-AUC(trapz) = 0.2602; AP = 0.2615
  [GPU] Wasserstein coupling: pool_size=45000, selecting 15
  [Timing] Wasserstein plan build: 1.17s
  [Timing] wasserstein query selection: 1.17s
  [TrainWeights] class_balance=none mode=fixed target=10000 total=10000 MP=35.0379 MR=9964.96
/home/bgg7950/.local/lib/python3.10/site-packages/xgboost/training.py:200: UserWarning: [01:58:15] WARNING: /__w/xgboost/xgboost/src/learner.cc:782: 
Parameters: { "use_label_encoder" } are not used.

  bst.update(dtrain, iteration=i, fobj=obj)
  [Timing] Classifier train: 1.59s
  [Timing] Evaluation: 1.03s
[Query   45] Acc=0.9982  Loss(test MP=1.6599 MR=0.0303 avg=0.8451)  labeled=384441 (MP=1347, MR=383094)
  >> AUC snapshot at 45 queries: PR-AUC(trapz) = 0.2610; AP = 0.2622
  [GPU] Wasserstein coupling: pool_size=45000, selecting 15
  [Timing] Wasserstein plan build: 1.16s
  [Timing] wasserstein query selection: 1.17s
  [TrainWeights] class_balance=none mode=fixed target=10000 total=10000 MP=35.0365 MR=9964.96
/home/bgg7950/.local/lib/python3.10/site-packages/xgboost/training.py:200: UserWarning: [01:58:19] WARNING: /__w/xgboost/xgboost/src/learner.cc:782: 
Parameters: { "use_label_encoder" } are not used.

  bst.update(dtrain, iteration=i, fobj=obj)
  [Timing] Classifier train: 1.59s
  [Timing] Evaluation: 1.04s
[Query   60] Acc=0.9982  Loss(test MP=1.6620 MR=0.0301 avg=0.8461)  labeled=384456 (MP=1347, MR=383109)
  >> AUC snapshot at 60 queries: PR-AUC(trapz) = 0.2604; AP = 0.2616
  [GPU] Wasserstein coupling: pool_size=45000, selecting 15
  [Timing] Wasserstein plan build: 1.17s
  [Timing] wasserstein query selection: 1.17s
  [TrainWeights] class_balance=none mode=fixed target=10000 total=10000 MP=35.0352 MR=9964.96
/home/bgg7950/.local/lib/python3.10/site-packages/xgboost/training.py:200: UserWarning: [01:58:24] WARNING: /__w/xgboost/xgboost/src/learner.cc:782: 
Parameters: { "use_label_encoder" } are not used.

  bst.update(dtrain, iteration=i, fobj=obj)
  [Timing] Classifier train: 1.60s
  [Timing] Evaluation: 1.02s
[Query   75] Acc=0.9982  Loss(test MP=1.6616 MR=0.0301 avg=0.8458)  labeled=384471 (MP=1347, MR=383124)
  >> AUC snapshot at 75 queries: PR-AUC(trapz) = 0.2609; AP = 0.2621
  [GPU] Wasserstein coupling: pool_size=45000, selecting 15
  [Timing] Wasserstein plan build: 1.17s
  [Timing] wasserstein query selection: 1.17s
  [TrainWeights] class_balance=none mode=fixed target=10000 total=10000 MP=35.0338 MR=9964.97
/home/bgg7950/.local/lib/python3.10/site-packages/xgboost/training.py:200: UserWarning: [01:58:29] WARNING: /__w/xgboost/xgboost/src/learner.cc:782: 
Parameters: { "use_label_encoder" } are not used.

  bst.update(dtrain, iteration=i, fobj=obj)
  [Timing] Classifier train: 1.60s
  [Timing] Evaluation: 1.03s
[Query   90] Acc=0.9982  Loss(test MP=1.6694 MR=0.0297 avg=0.8496)  labeled=384486 (MP=1347, MR=383139)
  >> AUC snapshot at 90 queries: PR-AUC(trapz) = 0.2608; AP = 0.2621
  [GPU] Wasserstein coupling: pool_size=45000, selecting 15
  [Timing] Wasserstein plan build: 1.16s
  [Timing] wasserstein query selection: 1.16s
  [TrainWeights] class_balance=none mode=fixed target=10000 total=10000 MP=35.0324 MR=9964.97
/home/bgg7950/.local/lib/python3.10/site-packages/xgboost/training.py:200: UserWarning: [01:58:33] WARNING: /__w/xgboost/xgboost/src/learner.cc:782: 
Parameters: { "use_label_encoder" } are not used.

  bst.update(dtrain, iteration=i, fobj=obj)
  [Timing] Classifier train: 1.61s
  [Timing] Evaluation: 1.04s
[Query  105] Acc=0.9982  Loss(test MP=1.6939 MR=0.0284 avg=0.8611)  labeled=384501 (MP=1347, MR=383154)
  >> AUC snapshot at 105 queries: PR-AUC(trapz) = 0.2598; AP = 0.2610
  [GPU] Wasserstein coupling: pool_size=45000, selecting 15
  [Timing] Wasserstein plan build: 1.16s
  [Timing] wasserstein query selection: 1.16s
  [TrainWeights] class_balance=none mode=fixed target=10000 total=10000 MP=35.0311 MR=9964.97
/home/bgg7950/.local/lib/python3.10/site-packages/xgboost/training.py:200: UserWarning: [01:58:38] WARNING: /__w/xgboost/xgboost/src/learner.cc:782: 
Parameters: { "use_label_encoder" } are not used.

  bst.update(dtrain, iteration=i, fobj=obj)
  [Timing] Classifier train: 1.61s
  [Timing] Evaluation: 1.04s
[Query  120] Acc=0.9982  Loss(test MP=1.6737 MR=0.0291 avg=0.8514)  labeled=384516 (MP=1347, MR=383169)
  >> AUC snapshot at 120 queries: PR-AUC(trapz) = 0.2619; AP = 0.2631
  [GPU] Wasserstein coupling: pool_size=45000, selecting 15
  [Timing] Wasserstein plan build: 1.18s
  [Timing] wasserstein query selection: 1.18s
  [TrainWeights] class_balance=none mode=fixed target=10000 total=10000 MP=35.0297 MR=9964.97
/home/bgg7950/.local/lib/python3.10/site-packages/xgboost/training.py:200: UserWarning: [01:58:43] WARNING: /__w/xgboost/xgboost/src/learner.cc:782: 
Parameters: { "use_label_encoder" } are not used.

  bst.update(dtrain, iteration=i, fobj=obj)
  [Timing] Classifier train: 1.61s
  [Timing] Evaluation: 1.04s
[Query  135] Acc=0.9981  Loss(test MP=1.6966 MR=0.0294 avg=0.8630)  labeled=384531 (MP=1347, MR=383184)
  >> AUC snapshot at 135 queries: PR-AUC(trapz) = 0.2541; AP = 0.2553
  [GPU] Wasserstein coupling: pool_size=45000, selecting 15
  [Timing] Wasserstein plan build: 1.16s
  [Timing] wasserstein query selection: 1.17s
  [TrainWeights] class_balance=none mode=fixed target=10000 total=10000 MP=35.0283 MR=9964.97
/home/bgg7950/.local/lib/python3.10/site-packages/xgboost/training.py:200: UserWarning: [01:58:48] WARNING: /__w/xgboost/xgboost/src/learner.cc:782: 
Parameters: { "use_label_encoder" } are not used.

  bst.update(dtrain, iteration=i, fobj=obj)
  [Timing] Classifier train: 1.60s
  [Timing] Evaluation: 1.03s
[Query  150] Acc=0.9981  Loss(test MP=1.6431 MR=0.0311 avg=0.8371)  labeled=384546 (MP=1347, MR=383199)
  >> AUC snapshot at 150 queries: PR-AUC(trapz) = 0.2500; AP = 0.2513

Trial 1 runtime: 70.1s  (data loading: 17.3s)
Saved PR curve plot to xgb_wasserstein_l2_noclassbalance_fixed10k_fullheldout_reweightfull_150q_5seeds_eval15/al_xgb_wasserstein_none_150_lambda_0_queryonly/pr_curve_mp.png.

============================================================
Trial 2 / 5  (seed=43)
============================================================
  [TrainWeights] class_balance=none mode=fixed target=10000 total=10000 MP=35.042 MR=9964.96
/home/bgg7950/.local/lib/python3.10/site-packages/xgboost/training.py:200: UserWarning: [01:58:57] WARNING: /__w/xgboost/xgboost/src/learner.cc:782: 
Parameters: { "use_label_encoder" } are not used.

  bst.update(dtrain, iteration=i, fobj=obj)
  [Timing] Classifier train: 1.61s
  [Timing] Evaluation: 1.07s
[Query    0] Acc=0.9980  Loss(test MP=1.6195 MR=0.0336 avg=0.8265)  labeled=384396 (MP=1347, MR=383049)
  >> AUC snapshot at 0 queries: PR-AUC(trapz) = 0.2386; AP = 0.2399
  [GPU] Wasserstein coupling: pool_size=45000, selecting 15
  [Timing] Wasserstein plan build: 1.19s
  [Timing] wasserstein query selection: 1.20s
  [TrainWeights] class_balance=none mode=fixed target=10000 total=10000 MP=35.0406 MR=9964.96
/home/bgg7950/.local/lib/python3.10/site-packages/xgboost/training.py:200: UserWarning: [01:59:01] WARNING: /__w/xgboost/xgboost/src/learner.cc:782: 
Parameters: { "use_label_encoder" } are not used.

  bst.update(dtrain, iteration=i, fobj=obj)
  [Timing] Classifier train: 1.61s
  [Timing] Evaluation: 1.06s
[Query   15] Acc=0.9980  Loss(test MP=1.6123 MR=0.0341 avg=0.8232)  labeled=384411 (MP=1347, MR=383064)
  >> AUC snapshot at 15 queries: PR-AUC(trapz) = 0.2394; AP = 0.2407
  [GPU] Wasserstein coupling: pool_size=45000, selecting 15
  [Timing] Wasserstein plan build: 1.18s
  [Timing] wasserstein query selection: 1.19s
  [TrainWeights] class_balance=none mode=fixed target=10000 total=10000 MP=35.0393 MR=9964.96
/home/bgg7950/.local/lib/python3.10/site-packages/xgboost/training.py:200: UserWarning: [01:59:06] WARNING: /__w/xgboost/xgboost/src/learner.cc:782: 
Parameters: { "use_label_encoder" } are not used.

  bst.update(dtrain, iteration=i, fobj=obj)
  [Timing] Classifier train: 1.61s
  [Timing] Evaluation: 1.06s
[Query   30] Acc=0.9980  Loss(test MP=1.6253 MR=0.0326 avg=0.8290)  labeled=384426 (MP=1347, MR=383079)
  >> AUC snapshot at 30 queries: PR-AUC(trapz) = 0.2371; AP = 0.2384
  [GPU] Wasserstein coupling: pool_size=45000, selecting 15
  [Timing] Wasserstein plan build: 1.18s
  [Timing] wasserstein query selection: 1.19s
  [TrainWeights] class_balance=none mode=fixed target=10000 total=10000 MP=35.0379 MR=9964.96
/home/bgg7950/.local/lib/python3.10/site-packages/xgboost/training.py:200: UserWarning: [01:59:11] WARNING: /__w/xgboost/xgboost/src/learner.cc:782: 
Parameters: { "use_label_encoder" } are not used.

  bst.update(dtrain, iteration=i, fobj=obj)
  [Timing] Classifier train: 1.60s
  [Timing] Evaluation: 1.07s
[Query   45] Acc=0.9980  Loss(test MP=1.6159 MR=0.0338 avg=0.8249)  labeled=384441 (MP=1347, MR=383094)
  >> AUC snapshot at 45 queries: PR-AUC(trapz) = 0.2388; AP = 0.2401
  [GPU] Wasserstein coupling: pool_size=45000, selecting 15
  [Timing] Wasserstein plan build: 1.18s
  [Timing] wasserstein query selection: 1.18s
  [TrainWeights] class_balance=none mode=fixed target=10000 total=10000 MP=35.0365 MR=9964.96
/home/bgg7950/.local/lib/python3.10/site-packages/xgboost/training.py:200: UserWarning: [01:59:15] WARNING: /__w/xgboost/xgboost/src/learner.cc:782: 
Parameters: { "use_label_encoder" } are not used.

  bst.update(dtrain, iteration=i, fobj=obj)
  [Timing] Classifier train: 1.61s
  [Timing] Evaluation: 1.02s
[Query   60] Acc=0.9980  Loss(test MP=1.6218 MR=0.0340 avg=0.8279)  labeled=384456 (MP=1347, MR=383109)
  >> AUC snapshot at 60 queries: PR-AUC(trapz) = 0.2401; AP = 0.2414
  [GPU] Wasserstein coupling: pool_size=45000, selecting 15
  [Timing] Wasserstein plan build: 1.18s
  [Timing] wasserstein query selection: 1.18s
  [TrainWeights] class_balance=none mode=fixed target=10000 total=10000 MP=35.0352 MR=9964.96
/home/bgg7950/.local/lib/python3.10/site-packages/xgboost/training.py:200: UserWarning: [01:59:20] WARNING: /__w/xgboost/xgboost/src/learner.cc:782: 
Parameters: { "use_label_encoder" } are not used.

  bst.update(dtrain, iteration=i, fobj=obj)
  [Timing] Classifier train: 1.59s
  [Timing] Evaluation: 1.04s
[Query   75] Acc=0.9980  Loss(test MP=1.6355 MR=0.0330 avg=0.8343)  labeled=384471 (MP=1347, MR=383124)
  >> AUC snapshot at 75 queries: PR-AUC(trapz) = 0.2351; AP = 0.2364
  [GPU] Wasserstein coupling: pool_size=45000, selecting 15
  [Timing] Wasserstein plan build: 1.17s
  [Timing] wasserstein query selection: 1.18s
  [TrainWeights] class_balance=none mode=fixed target=10000 total=10000 MP=35.0338 MR=9964.97
/home/bgg7950/.local/lib/python3.10/site-packages/xgboost/training.py:200: UserWarning: [01:59:25] WARNING: /__w/xgboost/xgboost/src/learner.cc:782: 
Parameters: { "use_label_encoder" } are not used.

  bst.update(dtrain, iteration=i, fobj=obj)
  [Timing] Classifier train: 1.60s
  [Timing] Evaluation: 1.04s
[Query   90] Acc=0.9980  Loss(test MP=1.6488 MR=0.0326 avg=0.8407)  labeled=384486 (MP=1347, MR=383139)
  >> AUC snapshot at 90 queries: PR-AUC(trapz) = 0.2375; AP = 0.2388
  [GPU] Wasserstein coupling: pool_size=45000, selecting 15
  [Timing] Wasserstein plan build: 1.17s
  [Timing] wasserstein query selection: 1.18s
  [TrainWeights] class_balance=none mode=fixed target=10000 total=10000 MP=35.0324 MR=9964.97
/home/bgg7950/.local/lib/python3.10/site-packages/xgboost/training.py:200: UserWarning: [01:59:30] WARNING: /__w/xgboost/xgboost/src/learner.cc:782: 
Parameters: { "use_label_encoder" } are not used.

  bst.update(dtrain, iteration=i, fobj=obj)
  [Timing] Classifier train: 1.60s
  [Timing] Evaluation: 1.04s
[Query  105] Acc=0.9980  Loss(test MP=1.6338 MR=0.0325 avg=0.8331)  labeled=384501 (MP=1347, MR=383154)
  >> AUC snapshot at 105 queries: PR-AUC(trapz) = 0.2436; AP = 0.2448
  [GPU] Wasserstein coupling: pool_size=45000, selecting 15
  [Timing] Wasserstein plan build: 1.17s
  [Timing] wasserstein query selection: 1.18s
  [TrainWeights] class_balance=none mode=fixed target=10000 total=10000 MP=35.0311 MR=9964.97
/home/bgg7950/.local/lib/python3.10/site-packages/xgboost/training.py:200: UserWarning: [01:59:34] WARNING: /__w/xgboost/xgboost/src/learner.cc:782: 
Parameters: { "use_label_encoder" } are not used.

  bst.update(dtrain, iteration=i, fobj=obj)
  [Timing] Classifier train: 1.62s
  [Timing] Evaluation: 1.04s
[Query  120] Acc=0.9981  Loss(test MP=1.6319 MR=0.0327 avg=0.8323)  labeled=384516 (MP=1347, MR=383169)
  >> AUC snapshot at 120 queries: PR-AUC(trapz) = 0.2503; AP = 0.2515
  [GPU] Wasserstein coupling: pool_size=45000, selecting 15
  [Timing] Wasserstein plan build: 1.17s
  [Timing] wasserstein query selection: 1.17s
  [TrainWeights] class_balance=none mode=fixed target=10000 total=10000 MP=35.0297 MR=9964.97
/home/bgg7950/.local/lib/python3.10/site-packages/xgboost/training.py:200: UserWarning: [01:59:39] WARNING: /__w/xgboost/xgboost/src/learner.cc:782: 
Parameters: { "use_label_encoder" } are not used.

  bst.update(dtrain, iteration=i, fobj=obj)
  [Timing] Classifier train: 1.62s
  [Timing] Evaluation: 1.05s
[Query  135] Acc=0.9980  Loss(test MP=1.6270 MR=0.0326 avg=0.8298)  labeled=384531 (MP=1347, MR=383184)
  >> AUC snapshot at 135 queries: PR-AUC(trapz) = 0.2473; AP = 0.2485
  [GPU] Wasserstein coupling: pool_size=45000, selecting 15
  [Timing] Wasserstein plan build: 1.17s
  [Timing] wasserstein query selection: 1.18s
  [TrainWeights] class_balance=none mode=fixed target=10000 total=10000 MP=35.0283 MR=9964.97
/home/bgg7950/.local/lib/python3.10/site-packages/xgboost/training.py:200: UserWarning: [01:59:44] WARNING: /__w/xgboost/xgboost/src/learner.cc:782: 
Parameters: { "use_label_encoder" } are not used.

  bst.update(dtrain, iteration=i, fobj=obj)
  [Timing] Classifier train: 1.61s
  [Timing] Evaluation: 1.04s
[Query  150] Acc=0.9980  Loss(test MP=1.6262 MR=0.0330 avg=0.8296)  labeled=384546 (MP=1347, MR=383199)
  >> AUC snapshot at 150 queries: PR-AUC(trapz) = 0.2383; AP = 0.2406

============================================================
Trial 3 / 5  (seed=44)
============================================================
  [TrainWeights] class_balance=none mode=fixed target=10000 total=10000 MP=35.042 MR=9964.96
/home/bgg7950/.local/lib/python3.10/site-packages/xgboost/training.py:200: UserWarning: [01:59:47] WARNING: /__w/xgboost/xgboost/src/learner.cc:782: 
Parameters: { "use_label_encoder" } are not used.

  bst.update(dtrain, iteration=i, fobj=obj)
  [Timing] Classifier train: 1.63s
  [Timing] Evaluation: 1.03s
[Query    0] Acc=0.9981  Loss(test MP=1.6333 MR=0.0330 avg=0.8331)  labeled=384396 (MP=1347, MR=383049)
  >> AUC snapshot at 0 queries: PR-AUC(trapz) = 0.2474; AP = 0.2487
  [GPU] Wasserstein coupling: pool_size=45000, selecting 15
  [Timing] Wasserstein plan build: 1.19s
  [Timing] wasserstein query selection: 1.20s
  [TrainWeights] class_balance=none mode=fixed target=10000 total=10000 MP=35.0406 MR=9964.96
/home/bgg7950/.local/lib/python3.10/site-packages/xgboost/training.py:200: UserWarning: [01:59:52] WARNING: /__w/xgboost/xgboost/src/learner.cc:782: 
Parameters: { "use_label_encoder" } are not used.

  bst.update(dtrain, iteration=i, fobj=obj)
  [Timing] Classifier train: 1.61s
  [Timing] Evaluation: 1.04s
[Query   15] Acc=0.9980  Loss(test MP=1.6331 MR=0.0329 avg=0.8330)  labeled=384411 (MP=1347, MR=383064)
  >> AUC snapshot at 15 queries: PR-AUC(trapz) = 0.2408; AP = 0.2421
  [GPU] Wasserstein coupling: pool_size=45000, selecting 15
  [Timing] Wasserstein plan build: 1.19s
  [Timing] wasserstein query selection: 1.19s
  [TrainWeights] class_balance=none mode=fixed target=10000 total=10000 MP=35.0393 MR=9964.96
/home/bgg7950/.local/lib/python3.10/site-packages/xgboost/training.py:200: UserWarning: [01:59:57] WARNING: /__w/xgboost/xgboost/src/learner.cc:782: 
Parameters: { "use_label_encoder" } are not used.

  bst.update(dtrain, iteration=i, fobj=obj)
  [Timing] Classifier train: 1.62s
  [Timing] Evaluation: 1.04s
[Query   30] Acc=0.9981  Loss(test MP=1.6593 MR=0.0328 avg=0.8460)  labeled=384426 (MP=1347, MR=383079)
  >> AUC snapshot at 30 queries: PR-AUC(trapz) = 0.2439; AP = 0.2451
  [GPU] Wasserstein coupling: pool_size=45000, selecting 15
  [Timing] Wasserstein plan build: 1.18s
  [Timing] wasserstein query selection: 1.19s
  [TrainWeights] class_balance=none mode=fixed target=10000 total=10000 MP=35.0379 MR=9964.96
/home/bgg7950/.local/lib/python3.10/site-packages/xgboost/training.py:200: UserWarning: [02:00:02] WARNING: /__w/xgboost/xgboost/src/learner.cc:782: 
Parameters: { "use_label_encoder" } are not used.

  bst.update(dtrain, iteration=i, fobj=obj)
  [Timing] Classifier train: 1.63s
  [Timing] Evaluation: 1.04s
[Query   45] Acc=0.9980  Loss(test MP=1.6298 MR=0.0340 avg=0.8319)  labeled=384441 (MP=1347, MR=383094)
  >> AUC snapshot at 45 queries: PR-AUC(trapz) = 0.2473; AP = 0.2485
  [GPU] Wasserstein coupling: pool_size=45000, selecting 15
  [Timing] Wasserstein plan build: 1.18s
  [Timing] wasserstein query selection: 1.19s
  [TrainWeights] class_balance=none mode=fixed target=10000 total=10000 MP=35.0365 MR=9964.96
/home/bgg7950/.local/lib/python3.10/site-packages/xgboost/training.py:200: UserWarning: [02:00:06] WARNING: /__w/xgboost/xgboost/src/learner.cc:782: 
Parameters: { "use_label_encoder" } are not used.

  bst.update(dtrain, iteration=i, fobj=obj)
  [Timing] Classifier train: 1.62s
  [Timing] Evaluation: 1.03s
[Query   60] Acc=0.9980  Loss(test MP=1.6446 MR=0.0328 avg=0.8387)  labeled=384456 (MP=1347, MR=383109)
  >> AUC snapshot at 60 queries: PR-AUC(trapz) = 0.2451; AP = 0.2464
  [GPU] Wasserstein coupling: pool_size=45000, selecting 15
  [Timing] Wasserstein plan build: 1.18s
  [Timing] wasserstein query selection: 1.19s
  [TrainWeights] class_balance=none mode=fixed target=10000 total=10000 MP=35.0352 MR=9964.96
/home/bgg7950/.local/lib/python3.10/site-packages/xgboost/training.py:200: UserWarning: [02:00:11] WARNING: /__w/xgboost/xgboost/src/learner.cc:782: 
Parameters: { "use_label_encoder" } are not used.

  bst.update(dtrain, iteration=i, fobj=obj)
  [Timing] Classifier train: 1.62s
  [Timing] Evaluation: 1.04s
[Query   75] Acc=0.9980  Loss(test MP=1.6308 MR=0.0338 avg=0.8323)  labeled=384471 (MP=1347, MR=383124)
  >> AUC snapshot at 75 queries: PR-AUC(trapz) = 0.2436; AP = 0.2448
  [GPU] Wasserstein coupling: pool_size=45000, selecting 15
  [Timing] Wasserstein plan build: 1.18s
  [Timing] wasserstein query selection: 1.18s
  [TrainWeights] class_balance=none mode=fixed target=10000 total=10000 MP=35.0338 MR=9964.97
/home/bgg7950/.local/lib/python3.10/site-packages/xgboost/training.py:200: UserWarning: [02:00:16] WARNING: /__w/xgboost/xgboost/src/learner.cc:782: 
Parameters: { "use_label_encoder" } are not used.

  bst.update(dtrain, iteration=i, fobj=obj)
  [Timing] Classifier train: 1.62s
  [Timing] Evaluation: 1.04s
[Query   90] Acc=0.9981  Loss(test MP=1.6457 MR=0.0328 avg=0.8393)  labeled=384486 (MP=1347, MR=383139)
  >> AUC snapshot at 90 queries: PR-AUC(trapz) = 0.2484; AP = 0.2496
  [GPU] Wasserstein coupling: pool_size=45000, selecting 15
  [Timing] Wasserstein plan build: 1.18s
  [Timing] wasserstein query selection: 1.18s
  [TrainWeights] class_balance=none mode=fixed target=10000 total=10000 MP=35.0324 MR=9964.97
/home/bgg7950/.local/lib/python3.10/site-packages/xgboost/training.py:200: UserWarning: [02:00:20] WARNING: /__w/xgboost/xgboost/src/learner.cc:782: 
Parameters: { "use_label_encoder" } are not used.

  bst.update(dtrain, iteration=i, fobj=obj)
  [Timing] Classifier train: 1.62s
  [Timing] Evaluation: 1.03s
[Query  105] Acc=0.9981  Loss(test MP=1.6517 MR=0.0319 avg=0.8418)  labeled=384501 (MP=1347, MR=383154)
  >> AUC snapshot at 105 queries: PR-AUC(trapz) = 0.2512; AP = 0.2524
  [GPU] Wasserstein coupling: pool_size=45000, selecting 15
  [Timing] Wasserstein plan build: 1.17s
  [Timing] wasserstein query selection: 1.18s
  [TrainWeights] class_balance=none mode=fixed target=10000 total=10000 MP=35.0311 MR=9964.97
/home/bgg7950/.local/lib/python3.10/site-packages/xgboost/training.py:200: UserWarning: [02:00:25] WARNING: /__w/xgboost/xgboost/src/learner.cc:782: 
Parameters: { "use_label_encoder" } are not used.

  bst.update(dtrain, iteration=i, fobj=obj)
  [Timing] Classifier train: 1.63s
  [Timing] Evaluation: 1.04s
[Query  120] Acc=0.9981  Loss(test MP=1.6375 MR=0.0328 avg=0.8351)  labeled=384516 (MP=1347, MR=383169)
  >> AUC snapshot at 120 queries: PR-AUC(trapz) = 0.2482; AP = 0.2494
  [GPU] Wasserstein coupling: pool_size=45000, selecting 15
  [Timing] Wasserstein plan build: 1.17s
  [Timing] wasserstein query selection: 1.18s
  [TrainWeights] class_balance=none mode=fixed target=10000 total=10000 MP=35.0297 MR=9964.97
/home/bgg7950/.local/lib/python3.10/site-packages/xgboost/training.py:200: UserWarning: [02:00:30] WARNING: /__w/xgboost/xgboost/src/learner.cc:782: 
Parameters: { "use_label_encoder" } are not used.

  bst.update(dtrain, iteration=i, fobj=obj)
  [Timing] Classifier train: 1.62s
  [Timing] Evaluation: 1.04s
[Query  135] Acc=0.9981  Loss(test MP=1.6331 MR=0.0328 avg=0.8330)  labeled=384531 (MP=1347, MR=383184)
  >> AUC snapshot at 135 queries: PR-AUC(trapz) = 0.2510; AP = 0.2522
  [GPU] Wasserstein coupling: pool_size=45000, selecting 15
  [Timing] Wasserstein plan build: 1.17s
  [Timing] wasserstein query selection: 1.18s
  [TrainWeights] class_balance=none mode=fixed target=10000 total=10000 MP=35.0283 MR=9964.97
/home/bgg7950/.local/lib/python3.10/site-packages/xgboost/training.py:200: UserWarning: [02:00:35] WARNING: /__w/xgboost/xgboost/src/learner.cc:782: 
Parameters: { "use_label_encoder" } are not used.

  bst.update(dtrain, iteration=i, fobj=obj)
  [Timing] Classifier train: 1.63s
  [Timing] Evaluation: 1.02s
[Query  150] Acc=0.9980  Loss(test MP=1.6158 MR=0.0337 avg=0.8247)  labeled=384546 (MP=1347, MR=383199)
  >> AUC snapshot at 150 queries: PR-AUC(trapz) = 0.2473; AP = 0.2496

============================================================
Trial 4 / 5  (seed=45)
============================================================
  [TrainWeights] class_balance=none mode=fixed target=10000 total=10000 MP=35.042 MR=9964.96
/home/bgg7950/.local/lib/python3.10/site-packages/xgboost/training.py:200: UserWarning: [02:00:38] WARNING: /__w/xgboost/xgboost/src/learner.cc:782: 
Parameters: { "use_label_encoder" } are not used.

  bst.update(dtrain, iteration=i, fobj=obj)
  [Timing] Classifier train: 1.63s
  [Timing] Evaluation: 1.05s
[Query    0] Acc=0.9980  Loss(test MP=1.6394 MR=0.0335 avg=0.8365)  labeled=384396 (MP=1347, MR=383049)
  >> AUC snapshot at 0 queries: PR-AUC(trapz) = 0.2410; AP = 0.2423
  [GPU] Wasserstein coupling: pool_size=45000, selecting 15
  [Timing] Wasserstein plan build: 1.25s
  [Timing] wasserstein query selection: 1.26s
  [TrainWeights] class_balance=none mode=fixed target=10000 total=10000 MP=35.0406 MR=9964.96
/home/bgg7950/.local/lib/python3.10/site-packages/xgboost/training.py:200: UserWarning: [02:00:43] WARNING: /__w/xgboost/xgboost/src/learner.cc:782: 
Parameters: { "use_label_encoder" } are not used.

  bst.update(dtrain, iteration=i, fobj=obj)
  [Timing] Classifier train: 1.63s
  [Timing] Evaluation: 1.05s
[Query   15] Acc=0.9980  Loss(test MP=1.6396 MR=0.0338 avg=0.8367)  labeled=384411 (MP=1347, MR=383064)
  >> AUC snapshot at 15 queries: PR-AUC(trapz) = 0.2385; AP = 0.2398
  [GPU] Wasserstein coupling: pool_size=45000, selecting 15
  [Timing] Wasserstein plan build: 1.24s
  [Timing] wasserstein query selection: 1.25s
  [TrainWeights] class_balance=none mode=fixed target=10000 total=10000 MP=35.0393 MR=9964.96
/home/bgg7950/.local/lib/python3.10/site-packages/xgboost/training.py:200: UserWarning: [02:00:48] WARNING: /__w/xgboost/xgboost/src/learner.cc:782: 
Parameters: { "use_label_encoder" } are not used.

  bst.update(dtrain, iteration=i, fobj=obj)
  [Timing] Classifier train: 1.63s
  [Timing] Evaluation: 1.05s
[Query   30] Acc=0.9980  Loss(test MP=1.6502 MR=0.0325 avg=0.8414)  labeled=384426 (MP=1347, MR=383079)
  >> AUC snapshot at 30 queries: PR-AUC(trapz) = 0.2413; AP = 0.2425
  [GPU] Wasserstein coupling: pool_size=45000, selecting 15
  [Timing] Wasserstein plan build: 1.23s
  [Timing] wasserstein query selection: 1.24s
  [TrainWeights] class_balance=none mode=fixed target=10000 total=10000 MP=35.0379 MR=9964.96
/home/bgg7950/.local/lib/python3.10/site-packages/xgboost/training.py:200: UserWarning: [02:00:53] WARNING: /__w/xgboost/xgboost/src/learner.cc:782: 
Parameters: { "use_label_encoder" } are not used.

  bst.update(dtrain, iteration=i, fobj=obj)
  [Timing] Classifier train: 1.63s
  [Timing] Evaluation: 1.04s
[Query   45] Acc=0.9980  Loss(test MP=1.6388 MR=0.0331 avg=0.8360)  labeled=384441 (MP=1347, MR=383094)
  >> AUC snapshot at 45 queries: PR-AUC(trapz) = 0.2456; AP = 0.2468
  [GPU] Wasserstein coupling: pool_size=45000, selecting 15
  [Timing] Wasserstein plan build: 1.23s
  [Timing] wasserstein query selection: 1.23s
  [TrainWeights] class_balance=none mode=fixed target=10000 total=10000 MP=35.0365 MR=9964.96
/home/bgg7950/.local/lib/python3.10/site-packages/xgboost/training.py:200: UserWarning: [02:00:58] WARNING: /__w/xgboost/xgboost/src/learner.cc:782: 
Parameters: { "use_label_encoder" } are not used.

  bst.update(dtrain, iteration=i, fobj=obj)
  [Timing] Classifier train: 1.61s
  [Timing] Evaluation: 1.02s
[Query   60] Acc=0.9980  Loss(test MP=1.6567 MR=0.0329 avg=0.8448)  labeled=384456 (MP=1347, MR=383109)
  >> AUC snapshot at 60 queries: PR-AUC(trapz) = 0.2390; AP = 0.2402
  [GPU] Wasserstein coupling: pool_size=45000, selecting 15
  [Timing] Wasserstein plan build: 1.23s
  [Timing] wasserstein query selection: 1.24s
  [TrainWeights] class_balance=none mode=fixed target=10000 total=10000 MP=35.0352 MR=9964.96
/home/bgg7950/.local/lib/python3.10/site-packages/xgboost/training.py:200: UserWarning: [02:01:02] WARNING: /__w/xgboost/xgboost/src/learner.cc:782: 
Parameters: { "use_label_encoder" } are not used.

  bst.update(dtrain, iteration=i, fobj=obj)
  [Timing] Classifier train: 1.62s
  [Timing] Evaluation: 1.04s
[Query   75] Acc=0.9980  Loss(test MP=1.6456 MR=0.0330 avg=0.8393)  labeled=384471 (MP=1347, MR=383124)
  >> AUC snapshot at 75 queries: PR-AUC(trapz) = 0.2407; AP = 0.2419
  [GPU] Wasserstein coupling: pool_size=45000, selecting 15
  [Timing] Wasserstein plan build: 1.23s
  [Timing] wasserstein query selection: 1.23s
  [TrainWeights] class_balance=none mode=fixed target=10000 total=10000 MP=35.0338 MR=9964.97
/home/bgg7950/.local/lib/python3.10/site-packages/xgboost/training.py:200: UserWarning: [02:01:07] WARNING: /__w/xgboost/xgboost/src/learner.cc:782: 
Parameters: { "use_label_encoder" } are not used.

  bst.update(dtrain, iteration=i, fobj=obj)
  [Timing] Classifier train: 1.63s
  [Timing] Evaluation: 1.04s
[Query   90] Acc=0.9980  Loss(test MP=1.6314 MR=0.0338 avg=0.8326)  labeled=384486 (MP=1347, MR=383139)
  >> AUC snapshot at 90 queries: PR-AUC(trapz) = 0.2422; AP = 0.2435
  [GPU] Wasserstein coupling: pool_size=45000, selecting 15
  [Timing] Wasserstein plan build: 1.22s
  [Timing] wasserstein query selection: 1.23s
  [TrainWeights] class_balance=none mode=fixed target=10000 total=10000 MP=35.0324 MR=9964.97
/home/bgg7950/.local/lib/python3.10/site-packages/xgboost/training.py:200: UserWarning: [02:01:12] WARNING: /__w/xgboost/xgboost/src/learner.cc:782: 
Parameters: { "use_label_encoder" } are not used.

  bst.update(dtrain, iteration=i, fobj=obj)
  [Timing] Classifier train: 1.62s
  [Timing] Evaluation: 1.04s
[Query  105] Acc=0.9980  Loss(test MP=1.6374 MR=0.0320 avg=0.8347)  labeled=384501 (MP=1347, MR=383154)
  >> AUC snapshot at 105 queries: PR-AUC(trapz) = 0.2487; AP = 0.2499
  [GPU] Wasserstein coupling: pool_size=45000, selecting 15
  [Timing] Wasserstein plan build: 1.22s
  [Timing] wasserstein query selection: 1.23s
  [TrainWeights] class_balance=none mode=fixed target=10000 total=10000 MP=35.0311 MR=9964.97
/home/bgg7950/.local/lib/python3.10/site-packages/xgboost/training.py:200: UserWarning: [02:01:17] WARNING: /__w/xgboost/xgboost/src/learner.cc:782: 
Parameters: { "use_label_encoder" } are not used.

  bst.update(dtrain, iteration=i, fobj=obj)
  [Timing] Classifier train: 1.62s
  [Timing] Evaluation: 1.05s
[Query  120] Acc=0.9980  Loss(test MP=1.6459 MR=0.0334 avg=0.8396)  labeled=384516 (MP=1347, MR=383169)
  >> AUC snapshot at 120 queries: PR-AUC(trapz) = 0.2439; AP = 0.2451
  [GPU] Wasserstein coupling: pool_size=45000, selecting 15
  [Timing] Wasserstein plan build: 1.23s
  [Timing] wasserstein query selection: 1.23s
  [TrainWeights] class_balance=none mode=fixed target=10000 total=10000 MP=35.0297 MR=9964.97
/home/bgg7950/.local/lib/python3.10/site-packages/xgboost/training.py:200: UserWarning: [02:01:21] WARNING: /__w/xgboost/xgboost/src/learner.cc:782: 
Parameters: { "use_label_encoder" } are not used.

  bst.update(dtrain, iteration=i, fobj=obj)
  [Timing] Classifier train: 1.63s
  [Timing] Evaluation: 1.05s
[Query  135] Acc=0.9980  Loss(test MP=1.6448 MR=0.0333 avg=0.8391)  labeled=384531 (MP=1347, MR=383184)
  >> AUC snapshot at 135 queries: PR-AUC(trapz) = 0.2448; AP = 0.2461
  [GPU] Wasserstein coupling: pool_size=45000, selecting 15
  [Timing] Wasserstein plan build: 1.22s
  [Timing] wasserstein query selection: 1.23s
  [TrainWeights] class_balance=none mode=fixed target=10000 total=10000 MP=35.0283 MR=9964.97
/home/bgg7950/.local/lib/python3.10/site-packages/xgboost/training.py:200: UserWarning: [02:01:26] WARNING: /__w/xgboost/xgboost/src/learner.cc:782: 
Parameters: { "use_label_encoder" } are not used.

  bst.update(dtrain, iteration=i, fobj=obj)
  [Timing] Classifier train: 1.63s
  [Timing] Evaluation: 1.04s
[Query  150] Acc=0.9981  Loss(test MP=1.6522 MR=0.0332 avg=0.8427)  labeled=384546 (MP=1347, MR=383199)
  >> AUC snapshot at 150 queries: PR-AUC(trapz) = 0.2429; AP = 0.2441

============================================================
Trial 5 / 5  (seed=46)
============================================================
  [TrainWeights] class_balance=none mode=fixed target=10000 total=10000 MP=35.042 MR=9964.96
/home/bgg7950/.local/lib/python3.10/site-packages/xgboost/training.py:200: UserWarning: [02:01:30] WARNING: /__w/xgboost/xgboost/src/learner.cc:782: 
Parameters: { "use_label_encoder" } are not used.

  bst.update(dtrain, iteration=i, fobj=obj)
  [Timing] Classifier train: 1.62s
  [Timing] Evaluation: 1.03s
[Query    0] Acc=0.9981  Loss(test MP=1.6378 MR=0.0332 avg=0.8355)  labeled=384396 (MP=1347, MR=383049)
  >> AUC snapshot at 0 queries: PR-AUC(trapz) = 0.2427; AP = 0.2440
  [GPU] Wasserstein coupling: pool_size=45000, selecting 15
  [Timing] Wasserstein plan build: 1.20s
  [Timing] wasserstein query selection: 1.20s
  [TrainWeights] class_balance=none mode=fixed target=10000 total=10000 MP=35.0406 MR=9964.96
/home/bgg7950/.local/lib/python3.10/site-packages/xgboost/training.py:200: UserWarning: [02:01:35] WARNING: /__w/xgboost/xgboost/src/learner.cc:782: 
Parameters: { "use_label_encoder" } are not used.

  bst.update(dtrain, iteration=i, fobj=obj)
  [Timing] Classifier train: 1.64s
  [Timing] Evaluation: 1.05s
[Query   15] Acc=0.9981  Loss(test MP=1.6575 MR=0.0329 avg=0.8452)  labeled=384411 (MP=1347, MR=383064)
  >> AUC snapshot at 15 queries: PR-AUC(trapz) = 0.2443; AP = 0.2455
  [GPU] Wasserstein coupling: pool_size=45000, selecting 15
  [Timing] Wasserstein plan build: 1.19s
  [Timing] wasserstein query selection: 1.19s
  [TrainWeights] class_balance=none mode=fixed target=10000 total=10000 MP=35.0393 MR=9964.96
/home/bgg7950/.local/lib/python3.10/site-packages/xgboost/training.py:200: UserWarning: [02:01:40] WARNING: /__w/xgboost/xgboost/src/learner.cc:782: 
Parameters: { "use_label_encoder" } are not used.

  bst.update(dtrain, iteration=i, fobj=obj)
  [Timing] Classifier train: 1.63s
  [Timing] Evaluation: 1.04s
[Query   30] Acc=0.9980  Loss(test MP=1.6497 MR=0.0332 avg=0.8415)  labeled=384426 (MP=1347, MR=383079)
  >> AUC snapshot at 30 queries: PR-AUC(trapz) = 0.2399; AP = 0.2411
  [GPU] Wasserstein coupling: pool_size=45000, selecting 15
  [Timing] Wasserstein plan build: 1.19s
  [Timing] wasserstein query selection: 1.19s
  [TrainWeights] class_balance=none mode=fixed target=10000 total=10000 MP=35.0379 MR=9964.96
/home/bgg7950/.local/lib/python3.10/site-packages/xgboost/training.py:200: UserWarning: [02:01:44] WARNING: /__w/xgboost/xgboost/src/learner.cc:782: 
Parameters: { "use_label_encoder" } are not used.

  bst.update(dtrain, iteration=i, fobj=obj)
  [Timing] Classifier train: 1.65s
  [Timing] Evaluation: 1.04s
[Query   45] Acc=0.9981  Loss(test MP=1.6828 MR=0.0307 avg=0.8567)  labeled=384441 (MP=1347, MR=383094)
  >> AUC snapshot at 45 queries: PR-AUC(trapz) = 0.2528; AP = 0.2540
  [GPU] Wasserstein coupling: pool_size=45000, selecting 15
  [Timing] Wasserstein plan build: 1.18s
  [Timing] wasserstein query selection: 1.18s
  [TrainWeights] class_balance=none mode=fixed target=10000 total=10000 MP=35.0365 MR=9964.96
/home/bgg7950/.local/lib/python3.10/site-packages/xgboost/training.py:200: UserWarning: [02:01:49] WARNING: /__w/xgboost/xgboost/src/learner.cc:782: 
Parameters: { "use_label_encoder" } are not used.

  bst.update(dtrain, iteration=i, fobj=obj)
  [Timing] Classifier train: 1.64s
  [Timing] Evaluation: 1.03s
[Query   60] Acc=0.9981  Loss(test MP=1.6756 MR=0.0327 avg=0.8542)  labeled=384456 (MP=1347, MR=383109)
  >> AUC snapshot at 60 queries: PR-AUC(trapz) = 0.2469; AP = 0.2481
  [GPU] Wasserstein coupling: pool_size=45000, selecting 15
  [Timing] Wasserstein plan build: 1.18s
  [Timing] wasserstein query selection: 1.19s
  [TrainWeights] class_balance=none mode=fixed target=10000 total=10000 MP=35.0352 MR=9964.96
/home/bgg7950/.local/lib/python3.10/site-packages/xgboost/training.py:200: UserWarning: [02:01:54] WARNING: /__w/xgboost/xgboost/src/learner.cc:782: 
Parameters: { "use_label_encoder" } are not used.

  bst.update(dtrain, iteration=i, fobj=obj)
  [Timing] Classifier train: 1.64s
  [Timing] Evaluation: 1.05s
[Query   75] Acc=0.9981  Loss(test MP=1.6598 MR=0.0332 avg=0.8465)  labeled=384471 (MP=1347, MR=383124)
  >> AUC snapshot at 75 queries: PR-AUC(trapz) = 0.2488; AP = 0.2500
  [GPU] Wasserstein coupling: pool_size=45000, selecting 15
  [Timing] Wasserstein plan build: 1.18s
  [Timing] wasserstein query selection: 1.18s
  [TrainWeights] class_balance=none mode=fixed target=10000 total=10000 MP=35.0338 MR=9964.97
/home/bgg7950/.local/lib/python3.10/site-packages/xgboost/training.py:200: UserWarning: [02:01:59] WARNING: /__w/xgboost/xgboost/src/learner.cc:782: 
Parameters: { "use_label_encoder" } are not used.

  bst.update(dtrain, iteration=i, fobj=obj)
  [Timing] Classifier train: 1.63s
  [Timing] Evaluation: 1.05s
[Query   90] Acc=0.9981  Loss(test MP=1.6734 MR=0.0324 avg=0.8529)  labeled=384486 (MP=1347, MR=383139)
  >> AUC snapshot at 90 queries: PR-AUC(trapz) = 0.2430; AP = 0.2443
  [GPU] Wasserstein coupling: pool_size=45000, selecting 15
  [Timing] Wasserstein plan build: 1.17s
  [Timing] wasserstein query selection: 1.18s
  [TrainWeights] class_balance=none mode=fixed target=10000 total=10000 MP=35.0324 MR=9964.97
/home/bgg7950/.local/lib/python3.10/site-packages/xgboost/training.py:200: UserWarning: [02:02:03] WARNING: /__w/xgboost/xgboost/src/learner.cc:782: 
Parameters: { "use_label_encoder" } are not used.

  bst.update(dtrain, iteration=i, fobj=obj)
  [Timing] Classifier train: 1.64s
  [Timing] Evaluation: 1.05s
[Query  105] Acc=0.9981  Loss(test MP=1.6427 MR=0.0329 avg=0.8378)  labeled=384501 (MP=1347, MR=383154)
  >> AUC snapshot at 105 queries: PR-AUC(trapz) = 0.2499; AP = 0.2512
  [GPU] Wasserstein coupling: pool_size=45000, selecting 15
  [Timing] Wasserstein plan build: 1.17s
  [Timing] wasserstein query selection: 1.18s
  [TrainWeights] class_balance=none mode=fixed target=10000 total=10000 MP=35.0311 MR=9964.97
/home/bgg7950/.local/lib/python3.10/site-packages/xgboost/training.py:200: UserWarning: [02:02:08] WARNING: /__w/xgboost/xgboost/src/learner.cc:782: 
Parameters: { "use_label_encoder" } are not used.

  bst.update(dtrain, iteration=i, fobj=obj)
  [Timing] Classifier train: 1.62s
  [Timing] Evaluation: 1.05s
[Query  120] Acc=0.9980  Loss(test MP=1.6431 MR=0.0325 avg=0.8378)  labeled=384516 (MP=1347, MR=383169)
  >> AUC snapshot at 120 queries: PR-AUC(trapz) = 0.2422; AP = 0.2435
  [GPU] Wasserstein coupling: pool_size=45000, selecting 15
  [Timing] Wasserstein plan build: 1.17s
  [Timing] wasserstein query selection: 1.18s
  [TrainWeights] class_balance=none mode=fixed target=10000 total=10000 MP=35.0297 MR=9964.97
/home/bgg7950/.local/lib/python3.10/site-packages/xgboost/training.py:200: UserWarning: [02:02:13] WARNING: /__w/xgboost/xgboost/src/learner.cc:782: 
Parameters: { "use_label_encoder" } are not used.

  bst.update(dtrain, iteration=i, fobj=obj)
  [Timing] Classifier train: 1.65s
  [Timing] Evaluation: 1.05s
[Query  135] Acc=0.9982  Loss(test MP=1.7112 MR=0.0283 avg=0.8697)  labeled=384531 (MP=1347, MR=383184)
  >> AUC snapshot at 135 queries: PR-AUC(trapz) = 0.2610; AP = 0.2622
  [GPU] Wasserstein coupling: pool_size=45000, selecting 15
  [Timing] Wasserstein plan build: 1.17s
  [Timing] wasserstein query selection: 1.18s
  [TrainWeights] class_balance=none mode=fixed target=10000 total=10000 MP=35.0283 MR=9964.97
/home/bgg7950/.local/lib/python3.10/site-packages/xgboost/training.py:200: UserWarning: [02:02:18] WARNING: /__w/xgboost/xgboost/src/learner.cc:782: 
Parameters: { "use_label_encoder" } are not used.

  bst.update(dtrain, iteration=i, fobj=obj)
  [Timing] Classifier train: 1.63s
  [Timing] Evaluation: 1.05s
[Query  150] Acc=0.9981  Loss(test MP=1.6620 MR=0.0325 avg=0.8473)  labeled=384546 (MP=1347, MR=383199)
  >> AUC snapshot at 150 queries: PR-AUC(trapz) = 0.2451; AP = 0.2464

Total runtime (5 trial(s)): 280.2s
Saved AUC trials plot to xgb_wasserstein_l2_noclassbalance_fixed10k_fullheldout_reweightfull_150q_5seeds_eval15/al_xgb_wasserstein_none_150_lambda_0_queryonly/auc_trials.png
Saved average-precision trials plot to xgb_wasserstein_l2_noclassbalance_fixed10k_fullheldout_reweightfull_150q_5seeds_eval15/al_xgb_wasserstein_none_150_lambda_0_queryonly/average_precision_trials.png
/home/bgg7950/astro-active-learning/active_learning.py:2876: RuntimeWarning: invalid value encountered in divide
  fractions = counts / queries_arr[np.newaxis, :]
/home/bgg7950/astro-active-learning/active_learning.py:2878: RuntimeWarning: Mean of empty slice
  mean_frac = np.nanmean(fractions, axis=0)
/home/bgg7950/.local/lib/python3.10/site-packages/numpy/lib/nanfunctions.py:1879: RuntimeWarning: Degrees of freedom <= 0 for slice.
  var = nanvar(a, axis=axis, dtype=dtype, out=out, ddof=ddof,
Saved MP fraction trials plot to xgb_wasserstein_l2_noclassbalance_fixed10k_fullheldout_reweightfull_150q_5seeds_eval15/al_xgb_wasserstein_none_150_lambda_0_queryonly/mp_fraction_trials.png
Saved MP test loss trials plot to xgb_wasserstein_l2_noclassbalance_fixed10k_fullheldout_reweightfull_150q_5seeds_eval15/al_xgb_wasserstein_none_150_lambda_0_queryonly/test_loss_MP_trials.png
Saved MR test loss trials plot to xgb_wasserstein_l2_noclassbalance_fixed10k_fullheldout_reweightfull_150q_5seeds_eval15/al_xgb_wasserstein_none_150_lambda_0_queryonly/test_loss_MR_trials.png
Saved weight-stat trials plot to xgb_wasserstein_l2_noclassbalance_fixed10k_fullheldout_reweightfull_150q_5seeds_eval15/al_xgb_wasserstein_none_150_lambda_0_queryonly/weight_l2_norm_trials.png
Saved weight-stat trials plot to xgb_wasserstein_l2_noclassbalance_fixed10k_fullheldout_reweightfull_150q_5seeds_eval15/al_xgb_wasserstein_none_150_lambda_0_queryonly/weight_l2_sq_trials.png
Saved weight-stat trials plot to xgb_wasserstein_l2_noclassbalance_fixed10k_fullheldout_reweightfull_150q_5seeds_eval15/al_xgb_wasserstein_none_150_lambda_0_queryonly/weight_effective_sample_size_trials.png

All outputs saved to xgb_wasserstein_l2_noclassbalance_fixed10k_fullheldout_reweightfull_150q_5seeds_eval15/al_xgb_wasserstein_none_150_lambda_0_queryonly/

============================================================
  Matched baseline 2: kmedian++ + Voronoi-L2 lambda=100
  Output: xgb_wasserstein_l2_noclassbalance_fixed10k_fullheldout_reweightfull_150q_5seeds_eval15/al_xgb_kmedianpp_l2_150_lambda_100
============================================================
/usr/lib/python3/dist-packages/scipy/__init__.py:146: UserWarning: A NumPy version >=1.17.3 and <1.25.0 is required for this version of SciPy (detected version 1.26.4
  warnings.warn(f"A NumPy version >={np_minversion} and <{np_maxversion}"
  [Torch] CUDA detected; TF32 matmul enabled where supported.
Loading warm-start data from bp_rp_lamost_normalized_low_teff.h5 ...
Loading full population from bp_rp_lamost_normalized.h5 ...
  Data loaded in 17.4s
  Warm-start: 384396 (MP=1347, MR=383049)
  Pool: 4042878 (MP=7375, MR=4035503)
  Eval set: 500000 (MP=971, MR=499029)
  Eval source: full_heldout
  Eval original warm-start membership: 43666/500000 (8.7332%)
  Eval/final warm-start overlap: 0
  Eval/query pool overlap: 0
  Train weight-sum mode: fixed; initial labeled count=384396; initial target sum=10000
  Reweight target source: full_non_eval (final warm-start + query pool); total=4427274, final warm-start contribution=384396 (8.6825%)

============================================================
Trial 1 / 5  (seed=42)
============================================================
  [Query RNG] kmedianpp uses a dedicated RNG stream; reweighting/training RNG draws cannot change the query plan.
  [ReweightTarget] source=full_non_eval; target_rows=100000 (subsampled from 4427274); warm_rows_in_target=8639
  [Voronoi-L2] Computing sample weights (λ=100.0, max_iter=16, 384396 labeled vs 100000 target rows (subsampled from 4427274))...
    [Voronoi-L2] Cached pool tensor on GPU: 100000 x 111
    [Voronoi-L2] CUDA chunk size: 3195 pool rows x 384396 labeled
  [Timing] Voronoi-L2 weights: 41.33s
  [TrainWeights] class_balance=none mode=fixed target=10000 total=10000 MP=589.176 MR=9410.82
/home/bgg7950/.local/lib/python3.10/site-packages/xgboost/training.py:200: UserWarning: [02:03:25] WARNING: /__w/xgboost/xgboost/src/learner.cc:782: 
Parameters: { "use_label_encoder" } are not used.

  bst.update(dtrain, iteration=i, fobj=obj)
  [Timing] Classifier train: 2.69s
/home/bgg7950/.local/lib/python3.10/site-packages/xgboost/core.py:751: UserWarning: [02:03:27] WARNING: /__w/xgboost/xgboost/src/common/error_msg.cc:62: Falling back to prediction using DMatrix due to mismatched devices. This might lead to higher memory usage and slower performance. XGBoost is running on: cuda:0, while the input data is on: cpu.
Potential solutions:
- Use a data structure that matches the device ordinal in the booster.
- Set the device for booster before call to inplace_predict.

This warning will only be shown once.

  return func(**kwargs)
  [Timing] Evaluation: 1.36s
[Query    0] Acc=0.9807  Loss(test MP=0.9427 MR=0.0750 avg=0.5089)  labeled=384396 (MP=1347, MR=383049)
  >> AUC snapshot at 0 queries: PR-AUC(trapz) = 0.2482; AP = 0.2498
  [GPU] Initializing k-Median++ distances (Dynamic Chunks: 87157x10000)...
    [GPU] Initialized 87157 / 4042878 stars...
    [GPU] Initialized 522942 / 4042878 stars...
    [GPU] Initialized 958727 / 4042878 stars...
    [GPU] Initialized 1394512 / 4042878 stars...
    [GPU] Initialized 1830297 / 4042878 stars...
    [GPU] Initialized 2266082 / 4042878 stars...
    [GPU] Initialized 2701867 / 4042878 stars...
    [GPU] Initialized 3137652 / 4042878 stars...
    [GPU] Initialized 3573437 / 4042878 stars...
    [GPU] Initialized 4009222 / 4042878 stars...
  [Timing] kmedianpp query selection: 83.34s
  [Voronoi-L2] Computing sample weights (λ=100.0, max_iter=8, 384411 labeled vs 100000 target rows (subsampled from 4427274))...
    [Voronoi-L2] CUDA chunk size: 2576 pool rows x 384411 labeled
  [Timing] Voronoi-L2 weights: 20.94s
  [TrainWeights] class_balance=none mode=fixed target=10000 total=10000 MP=658.37 MR=9341.63
/home/bgg7950/.local/lib/python3.10/site-packages/xgboost/training.py:200: UserWarning: [02:05:14] WARNING: /__w/xgboost/xgboost/src/learner.cc:782: 
Parameters: { "use_label_encoder" } are not used.

  bst.update(dtrain, iteration=i, fobj=obj)
  [Timing] Classifier train: 2.61s
  [Timing] Evaluation: 1.31s
[Query   15] Acc=0.9819  Loss(test MP=0.9205 MR=0.0711 avg=0.4958)  labeled=384411 (MP=1347, MR=383064)
  >> AUC snapshot at 15 queries: PR-AUC(trapz) = 0.2529; AP = 0.2544
  [Timing] kmedianpp query selection: 0.96s
  [Voronoi-L2] Computing sample weights (λ=100.0, max_iter=8, 384426 labeled vs 100000 target rows (subsampled from 4427274))...
    [Voronoi-L2] CUDA chunk size: 2060 pool rows x 384426 labeled
  [Timing] Voronoi-L2 weights: 19.80s
  [TrainWeights] class_balance=none mode=fixed target=10000 total=10000 MP=803.8 MR=9196.2
/home/bgg7950/.local/lib/python3.10/site-packages/xgboost/training.py:200: UserWarning: [02:05:40] WARNING: /__w/xgboost/xgboost/src/learner.cc:782: 
Parameters: { "use_label_encoder" } are not used.

  bst.update(dtrain, iteration=i, fobj=obj)
  [Timing] Classifier train: 2.67s
  [Timing] Evaluation: 1.36s
[Query   30] Acc=0.9843  Loss(test MP=0.8594 MR=0.0650 avg=0.4622)  labeled=384426 (MP=1347, MR=383079)
  >> AUC snapshot at 30 queries: PR-AUC(trapz) = 0.2721; AP = 0.2736
  [Timing] kmedianpp query selection: 0.96s
  [Voronoi-L2] Computing sample weights (λ=100.0, max_iter=8, 384441 labeled vs 100000 target rows (subsampled from 4427274))...
    [Voronoi-L2] CUDA chunk size: 2060 pool rows x 384441 labeled
  [Timing] Voronoi-L2 weights: 20.00s
  [TrainWeights] class_balance=none mode=fixed target=10000 total=10000 MP=900.273 MR=9099.73
/home/bgg7950/.local/lib/python3.10/site-packages/xgboost/training.py:200: UserWarning: [02:06:06] WARNING: /__w/xgboost/xgboost/src/learner.cc:782: 
Parameters: { "use_label_encoder" } are not used.

  bst.update(dtrain, iteration=i, fobj=obj)
  [Timing] Classifier train: 2.70s
  [Timing] Evaluation: 1.37s
[Query   45] Acc=0.9842  Loss(test MP=0.8561 MR=0.0645 avg=0.4603)  labeled=384441 (MP=1347, MR=383094)
  >> AUC snapshot at 45 queries: PR-AUC(trapz) = 0.2765; AP = 0.2779
  [Timing] kmedianpp query selection: 0.95s
  [Voronoi-L2] Computing sample weights (λ=100.0, max_iter=8, 384456 labeled vs 100000 target rows (subsampled from 4427274))...
    [Voronoi-L2] CUDA chunk size: 2060 pool rows x 384456 labeled
  [Timing] Voronoi-L2 weights: 20.00s
  [TrainWeights] class_balance=none mode=fixed target=10000 total=10000 MP=972.422 MR=9027.58
/home/bgg7950/.local/lib/python3.10/site-packages/xgboost/training.py:200: UserWarning: [02:06:32] WARNING: /__w/xgboost/xgboost/src/learner.cc:782: 
Parameters: { "use_label_encoder" } are not used.

  bst.update(dtrain, iteration=i, fobj=obj)
  [Timing] Classifier train: 2.71s
  [Timing] Evaluation: 1.38s
[Query   60] Acc=0.9855  Loss(test MP=0.8858 MR=0.0610 avg=0.4734)  labeled=384456 (MP=1347, MR=383109)
  >> AUC snapshot at 60 queries: PR-AUC(trapz) = 0.2747; AP = 0.2762
  [Timing] kmedianpp query selection: 0.84s
  [Voronoi-L2] Computing sample weights (λ=100.0, max_iter=8, 384471 labeled vs 100000 target rows (subsampled from 4427274))...
    [Voronoi-L2] CUDA chunk size: 2060 pool rows x 384471 labeled
  [Timing] Voronoi-L2 weights: 20.02s
  [TrainWeights] class_balance=none mode=fixed target=10000 total=10000 MP=1066.06 MR=8933.94
/home/bgg7950/.local/lib/python3.10/site-packages/xgboost/training.py:200: UserWarning: [02:06:59] WARNING: /__w/xgboost/xgboost/src/learner.cc:782: 
Parameters: { "use_label_encoder" } are not used.

  bst.update(dtrain, iteration=i, fobj=obj)
  [Timing] Classifier train: 2.73s
  [Timing] Evaluation: 1.38s
[Query   75] Acc=0.9853  Loss(test MP=0.8790 MR=0.0594 avg=0.4692)  labeled=384471 (MP=1347, MR=383124)
  >> AUC snapshot at 75 queries: PR-AUC(trapz) = 0.2905; AP = 0.2919
  [Timing] kmedianpp query selection: 1.00s
  [Voronoi-L2] Computing sample weights (λ=100.0, max_iter=8, 384486 labeled vs 100000 target rows (subsampled from 4427274))...
    [Voronoi-L2] CUDA chunk size: 2060 pool rows x 384486 labeled
  [Timing] Voronoi-L2 weights: 19.70s
  [TrainWeights] class_balance=none mode=fixed target=10000 total=10000 MP=1183.3 MR=8816.7
/home/bgg7950/.local/lib/python3.10/site-packages/xgboost/training.py:200: UserWarning: [02:07:25] WARNING: /__w/xgboost/xgboost/src/learner.cc:782: 
Parameters: { "use_label_encoder" } are not used.

  bst.update(dtrain, iteration=i, fobj=obj)
  [Timing] Classifier train: 2.78s
  [Timing] Evaluation: 1.41s
[Query   90] Acc=0.9852  Loss(test MP=0.8466 MR=0.0586 avg=0.4526)  labeled=384486 (MP=1347, MR=383139)
  >> AUC snapshot at 90 queries: PR-AUC(trapz) = 0.2860; AP = 0.2874
  [Timing] kmedianpp query selection: 0.91s
  [Voronoi-L2] Computing sample weights (λ=100.0, max_iter=8, 384501 labeled vs 100000 target rows (subsampled from 4427274))...
    [Voronoi-L2] CUDA chunk size: 2060 pool rows x 384501 labeled
  [Timing] Voronoi-L2 weights: 19.80s
  [TrainWeights] class_balance=none mode=fixed target=10000 total=10000 MP=1247.96 MR=8752.04
/home/bgg7950/.local/lib/python3.10/site-packages/xgboost/training.py:200: UserWarning: [02:07:51] WARNING: /__w/xgboost/xgboost/src/learner.cc:782: 
Parameters: { "use_label_encoder" } are not used.

  bst.update(dtrain, iteration=i, fobj=obj)
  [Timing] Classifier train: 2.83s
  [Timing] Evaluation: 1.40s
[Query  105] Acc=0.9859  Loss(test MP=0.8492 MR=0.0557 avg=0.4524)  labeled=384501 (MP=1347, MR=383154)
  >> AUC snapshot at 105 queries: PR-AUC(trapz) = 0.2986; AP = 0.3000
  [Timing] kmedianpp query selection: 0.98s
  [Voronoi-L2] Computing sample weights (λ=100.0, max_iter=8, 384516 labeled vs 100000 target rows (subsampled from 4427274))...
    [Voronoi-L2] CUDA chunk size: 2060 pool rows x 384516 labeled
  [Timing] Voronoi-L2 weights: 19.99s
  [TrainWeights] class_balance=none mode=fixed target=10000 total=10000 MP=1321.6 MR=8678.4
/home/bgg7950/.local/lib/python3.10/site-packages/xgboost/training.py:200: UserWarning: [02:08:17] WARNING: /__w/xgboost/xgboost/src/learner.cc:782: 
Parameters: { "use_label_encoder" } are not used.

  bst.update(dtrain, iteration=i, fobj=obj)
  [Timing] Classifier train: 2.83s
  [Timing] Evaluation: 1.40s
[Query  120] Acc=0.9860  Loss(test MP=0.8442 MR=0.0553 avg=0.4498)  labeled=384516 (MP=1347, MR=383169)
  >> AUC snapshot at 120 queries: PR-AUC(trapz) = 0.2943; AP = 0.2957
  [Timing] kmedianpp query selection: 0.89s
  [Voronoi-L2] Computing sample weights (λ=100.0, max_iter=8, 384531 labeled vs 100000 target rows (subsampled from 4427274))...
    [Voronoi-L2] CUDA chunk size: 2060 pool rows x 384531 labeled
  [Timing] Voronoi-L2 weights: 20.04s
  [TrainWeights] class_balance=none mode=fixed target=10000 total=10000 MP=1364.22 MR=8635.78
/home/bgg7950/.local/lib/python3.10/site-packages/xgboost/training.py:200: UserWarning: [02:08:44] WARNING: /__w/xgboost/xgboost/src/learner.cc:782: 
Parameters: { "use_label_encoder" } are not used.

  bst.update(dtrain, iteration=i, fobj=obj)
  [Timing] Classifier train: 2.85s
  [Timing] Evaluation: 1.40s
[Query  135] Acc=0.9864  Loss(test MP=0.8259 MR=0.0542 avg=0.4400)  labeled=384531 (MP=1347, MR=383184)
  >> AUC snapshot at 135 queries: PR-AUC(trapz) = 0.2938; AP = 0.2952
  [Timing] kmedianpp query selection: 0.97s
  [Voronoi-L2] Computing sample weights (λ=100.0, max_iter=8, 384546 labeled vs 100000 target rows (subsampled from 4427274))...
    [Voronoi-L2] CUDA chunk size: 2060 pool rows x 384546 labeled
  [Timing] Voronoi-L2 weights: 19.97s
  [TrainWeights] class_balance=none mode=fixed target=10000 total=10000 MP=1391.07 MR=8608.93
/home/bgg7950/.local/lib/python3.10/site-packages/xgboost/training.py:200: UserWarning: [02:09:10] WARNING: /__w/xgboost/xgboost/src/learner.cc:782: 
Parameters: { "use_label_encoder" } are not used.

  bst.update(dtrain, iteration=i, fobj=obj)
  [Timing] Classifier train: 2.88s
  [Timing] Evaluation: 1.41s
[Query  150] Acc=0.9867  Loss(test MP=0.8420 MR=0.0527 avg=0.4473)  labeled=384546 (MP=1347, MR=383199)
  >> AUC snapshot at 150 queries: PR-AUC(trapz) = 0.2960; AP = 0.2975

Trial 1 runtime: 411.7s  (data loading: 17.4s)

Saved weight distribution plot to xgb_wasserstein_l2_noclassbalance_fixed10k_fullheldout_reweightfull_150q_5seeds_eval15/al_xgb_kmedianpp_l2_150_lambda_100/weight_distribution.png
Saved PR curve plot to xgb_wasserstein_l2_noclassbalance_fixed10k_fullheldout_reweightfull_150q_5seeds_eval15/al_xgb_kmedianpp_l2_150_lambda_100/pr_curve_mp.png.

============================================================
Trial 2 / 5  (seed=43)
============================================================
  [Query RNG] kmedianpp uses a dedicated RNG stream; reweighting/training RNG draws cannot change the query plan.
  [ReweightTarget] source=full_non_eval; target_rows=100000 (subsampled from 4427274); warm_rows_in_target=8702
  [Voronoi-L2] Computing sample weights (λ=100.0, max_iter=16, 384396 labeled vs 100000 target rows (subsampled from 4427274))...
    [Voronoi-L2] Cached pool tensor on GPU: 100000 x 111
    [Voronoi-L2] CUDA chunk size: 2056 pool rows x 384396 labeled
  [Timing] Voronoi-L2 weights: 39.84s
  [TrainWeights] class_balance=none mode=fixed target=10000 total=10000 MP=601.707 MR=9398.29
/home/bgg7950/.local/lib/python3.10/site-packages/xgboost/training.py:200: UserWarning: [02:10:03] WARNING: /__w/xgboost/xgboost/src/learner.cc:782: 
Parameters: { "use_label_encoder" } are not used.

  bst.update(dtrain, iteration=i, fobj=obj)
  [Timing] Classifier train: 2.62s
  [Timing] Evaluation: 1.35s
[Query    0] Acc=0.9790  Loss(test MP=0.8956 MR=0.0782 avg=0.4869)  labeled=384396 (MP=1347, MR=383049)
  >> AUC snapshot at 0 queries: PR-AUC(trapz) = 0.2374; AP = 0.2384
  [GPU] Initializing k-Median++ distances (Dynamic Chunks: 87157x10000)...
    [GPU] Initialized 87157 / 4042878 stars...
    [GPU] Initialized 522942 / 4042878 stars...
    [GPU] Initialized 958727 / 4042878 stars...
    [GPU] Initialized 1394512 / 4042878 stars...
    [GPU] Initialized 1830297 / 4042878 stars...
    [GPU] Initialized 2266082 / 4042878 stars...
    [GPU] Initialized 2701867 / 4042878 stars...
    [GPU] Initialized 3137652 / 4042878 stars...
    [GPU] Initialized 3573437 / 4042878 stars...
    [GPU] Initialized 4009222 / 4042878 stars...
  [Timing] kmedianpp query selection: 83.14s
  [Voronoi-L2] Computing sample weights (λ=100.0, max_iter=8, 384411 labeled vs 100000 target rows (subsampled from 4427274))...
    [Voronoi-L2] CUDA chunk size: 2695 pool rows x 384411 labeled
  [Timing] Voronoi-L2 weights: 19.98s
  [TrainWeights] class_balance=none mode=fixed target=10000 total=10000 MP=764.985 MR=9235.02
/home/bgg7950/.local/lib/python3.10/site-packages/xgboost/training.py:200: UserWarning: [02:11:52] WARNING: /__w/xgboost/xgboost/src/learner.cc:782: 
Parameters: { "use_label_encoder" } are not used.

  bst.update(dtrain, iteration=i, fobj=obj)
  [Timing] Classifier train: 2.69s
  [Timing] Evaluation: 1.35s
[Query   15] Acc=0.9830  Loss(test MP=0.8818 MR=0.0675 avg=0.4747)  labeled=384411 (MP=1347, MR=383064)
  >> AUC snapshot at 15 queries: PR-AUC(trapz) = 0.2668; AP = 0.2684
  [Timing] kmedianpp query selection: 0.97s
  [Voronoi-L2] Computing sample weights (λ=100.0, max_iter=8, 384426 labeled vs 100000 target rows (subsampled from 4427274))...
    [Voronoi-L2] CUDA chunk size: 1617 pool rows x 384426 labeled
  [Timing] Voronoi-L2 weights: 20.21s
  [TrainWeights] class_balance=none mode=fixed target=10000 total=10000 MP=892.7 MR=9107.3
/home/bgg7950/.local/lib/python3.10/site-packages/xgboost/training.py:200: UserWarning: [02:12:18] WARNING: /__w/xgboost/xgboost/src/learner.cc:782: 
Parameters: { "use_label_encoder" } are not used.

  bst.update(dtrain, iteration=i, fobj=obj)
  [Timing] Classifier train: 2.71s
  [Timing] Evaluation: 1.38s
[Query   30] Acc=0.9826  Loss(test MP=0.8760 MR=0.0671 avg=0.4715)  labeled=384426 (MP=1347, MR=383079)
  >> AUC snapshot at 30 queries: PR-AUC(trapz) = 0.2685; AP = 0.2700
  [Timing] kmedianpp query selection: 0.93s
  [Voronoi-L2] Computing sample weights (λ=100.0, max_iter=8, 384441 labeled vs 100000 target rows (subsampled from 4427274))...
    [Voronoi-L2] CUDA chunk size: 1617 pool rows x 384441 labeled
  [Timing] Voronoi-L2 weights: 20.17s
  [TrainWeights] class_balance=none mode=fixed target=10000 total=10000 MP=983.127 MR=9016.87
/home/bgg7950/.local/lib/python3.10/site-packages/xgboost/training.py:200: UserWarning: [02:12:44] WARNING: /__w/xgboost/xgboost/src/learner.cc:782: 
Parameters: { "use_label_encoder" } are not used.

  bst.update(dtrain, iteration=i, fobj=obj)
  [Timing] Classifier train: 2.73s
  [Timing] Evaluation: 1.40s
[Query   45] Acc=0.9831  Loss(test MP=0.8226 MR=0.0655 avg=0.4440)  labeled=384441 (MP=1347, MR=383094)
  >> AUC snapshot at 45 queries: PR-AUC(trapz) = 0.2697; AP = 0.2713
  [Timing] kmedianpp query selection: 0.96s
  [Voronoi-L2] Computing sample weights (λ=100.0, max_iter=8, 384456 labeled vs 100000 target rows (subsampled from 4427274))...
    [Voronoi-L2] CUDA chunk size: 1617 pool rows x 384456 labeled
  [Timing] Voronoi-L2 weights: 19.73s
  [TrainWeights] class_balance=none mode=fixed target=10000 total=10000 MP=1053.73 MR=8946.27
/home/bgg7950/.local/lib/python3.10/site-packages/xgboost/training.py:200: UserWarning: [02:13:10] WARNING: /__w/xgboost/xgboost/src/learner.cc:782: 
Parameters: { "use_label_encoder" } are not used.

  bst.update(dtrain, iteration=i, fobj=obj)
  [Timing] Classifier train: 2.72s
  [Timing] Evaluation: 1.38s
[Query   60] Acc=0.9843  Loss(test MP=0.8840 MR=0.0613 avg=0.4727)  labeled=384456 (MP=1347, MR=383109)
  >> AUC snapshot at 60 queries: PR-AUC(trapz) = 0.2719; AP = 0.2734
  [Timing] kmedianpp query selection: 0.86s
  [Voronoi-L2] Computing sample weights (λ=100.0, max_iter=8, 384471 labeled vs 100000 target rows (subsampled from 4427274))...
    [Voronoi-L2] CUDA chunk size: 1617 pool rows x 384471 labeled
  [Timing] Voronoi-L2 weights: 20.22s
  [TrainWeights] class_balance=none mode=fixed target=10000 total=10000 MP=1138.65 MR=8861.35
/home/bgg7950/.local/lib/python3.10/site-packages/xgboost/training.py:200: UserWarning: [02:13:37] WARNING: /__w/xgboost/xgboost/src/learner.cc:782: 
Parameters: { "use_label_encoder" } are not used.

  bst.update(dtrain, iteration=i, fobj=obj)
  [Timing] Classifier train: 2.77s
  [Timing] Evaluation: 1.40s
[Query   75] Acc=0.9843  Loss(test MP=0.8126 MR=0.0613 avg=0.4369)  labeled=384471 (MP=1347, MR=383124)
  >> AUC snapshot at 75 queries: PR-AUC(trapz) = 0.2821; AP = 0.2835
  [Timing] kmedianpp query selection: 1.00s
  [Voronoi-L2] Computing sample weights (λ=100.0, max_iter=8, 384486 labeled vs 100000 target rows (subsampled from 4427274))...
    [Voronoi-L2] CUDA chunk size: 1616 pool rows x 384486 labeled
  [Timing] Voronoi-L2 weights: 20.28s
  [TrainWeights] class_balance=none mode=fixed target=10000 total=10000 MP=1224.1 MR=8775.9
/home/bgg7950/.local/lib/python3.10/site-packages/xgboost/training.py:200: UserWarning: [02:14:04] WARNING: /__w/xgboost/xgboost/src/learner.cc:782: 
Parameters: { "use_label_encoder" } are not used.

  bst.update(dtrain, iteration=i, fobj=obj)
  [Timing] Classifier train: 2.82s
  [Timing] Evaluation: 1.41s
[Query   90] Acc=0.9855  Loss(test MP=0.8836 MR=0.0588 avg=0.4712)  labeled=384486 (MP=1347, MR=383139)
  >> AUC snapshot at 90 queries: PR-AUC(trapz) = 0.2710; AP = 0.2725
  [Timing] kmedianpp query selection: 0.98s
  [Voronoi-L2] Computing sample weights (λ=100.0, max_iter=8, 384501 labeled vs 100000 target rows (subsampled from 4427274))...
    [Voronoi-L2] CUDA chunk size: 1616 pool rows x 384501 labeled
  [Timing] Voronoi-L2 weights: 20.20s
  [TrainWeights] class_balance=none mode=fixed target=10000 total=10000 MP=1284.94 MR=8715.06
/home/bgg7950/.local/lib/python3.10/site-packages/xgboost/training.py:200: UserWarning: [02:14:30] WARNING: /__w/xgboost/xgboost/src/learner.cc:782: 
Parameters: { "use_label_encoder" } are not used.

  bst.update(dtrain, iteration=i, fobj=obj)
  [Timing] Classifier train: 2.86s
  [Timing] Evaluation: 1.39s
[Query  105] Acc=0.9857  Loss(test MP=0.8672 MR=0.0565 avg=0.4619)  labeled=384501 (MP=1347, MR=383154)
  >> AUC snapshot at 105 queries: PR-AUC(trapz) = 0.2751; AP = 0.2767
  [Timing] kmedianpp query selection: 0.99s
  [Voronoi-L2] Computing sample weights (λ=100.0, max_iter=8, 384516 labeled vs 100000 target rows (subsampled from 4427274))...
    [Voronoi-L2] CUDA chunk size: 1616 pool rows x 384516 labeled
  [Timing] Voronoi-L2 weights: 19.76s
  [TrainWeights] class_balance=none mode=fixed target=10000 total=10000 MP=1333.84 MR=8666.16
/home/bgg7950/.local/lib/python3.10/site-packages/xgboost/training.py:200: UserWarning: [02:14:56] WARNING: /__w/xgboost/xgboost/src/learner.cc:782: 
Parameters: { "use_label_encoder" } are not used.

  bst.update(dtrain, iteration=i, fobj=obj)
  [Timing] Classifier train: 2.85s
  [Timing] Evaluation: 1.42s
[Query  120] Acc=0.9857  Loss(test MP=0.8652 MR=0.0561 avg=0.4607)  labeled=384516 (MP=1347, MR=383169)
  >> AUC snapshot at 120 queries: PR-AUC(trapz) = 0.2797; AP = 0.2813
  [Timing] kmedianpp query selection: 1.00s
  [Voronoi-L2] Computing sample weights (λ=100.0, max_iter=8, 384531 labeled vs 100000 target rows (subsampled from 4427274))...
    [Voronoi-L2] CUDA chunk size: 1616 pool rows x 384531 labeled
  [Timing] Voronoi-L2 weights: 20.23s
  [TrainWeights] class_balance=none mode=fixed target=10000 total=10000 MP=1381.26 MR=8618.74
/home/bgg7950/.local/lib/python3.10/site-packages/xgboost/training.py:200: UserWarning: [02:15:23] WARNING: /__w/xgboost/xgboost/src/learner.cc:782: 
Parameters: { "use_label_encoder" } are not used.

  bst.update(dtrain, iteration=i, fobj=obj)
  [Timing] Classifier train: 2.87s
  [Timing] Evaluation: 1.42s
[Query  135] Acc=0.9860  Loss(test MP=0.8564 MR=0.0551 avg=0.4558)  labeled=384531 (MP=1347, MR=383184)
  >> AUC snapshot at 135 queries: PR-AUC(trapz) = 0.2786; AP = 0.2801
  [Timing] kmedianpp query selection: 0.97s
  [Voronoi-L2] Computing sample weights (λ=100.0, max_iter=8, 384546 labeled vs 100000 target rows (subsampled from 4427274))...
    [Voronoi-L2] CUDA chunk size: 1616 pool rows x 384546 labeled
  [Timing] Voronoi-L2 weights: 20.21s
  [TrainWeights] class_balance=none mode=fixed target=10000 total=10000 MP=1429.41 MR=8570.59
/home/bgg7950/.local/lib/python3.10/site-packages/xgboost/training.py:200: UserWarning: [02:15:50] WARNING: /__w/xgboost/xgboost/src/learner.cc:782: 
Parameters: { "use_label_encoder" } are not used.

  bst.update(dtrain, iteration=i, fobj=obj)
  [Timing] Classifier train: 2.90s
  [Timing] Evaluation: 1.42s
[Query  150] Acc=0.9863  Loss(test MP=0.8485 MR=0.0540 avg=0.4513)  labeled=384546 (MP=1347, MR=383199)
  >> AUC snapshot at 150 queries: PR-AUC(trapz) = 0.2846; AP = 0.2860

============================================================
Trial 3 / 5  (seed=44)
============================================================
  [Query RNG] kmedianpp uses a dedicated RNG stream; reweighting/training RNG draws cannot change the query plan.
  [ReweightTarget] source=full_non_eval; target_rows=100000 (subsampled from 4427274); warm_rows_in_target=8649
  [Voronoi-L2] Computing sample weights (λ=100.0, max_iter=16, 384396 labeled vs 100000 target rows (subsampled from 4427274))...
    [Voronoi-L2] Cached pool tensor on GPU: 100000 x 111
    [Voronoi-L2] CUDA chunk size: 1617 pool rows x 384396 labeled
  [Timing] Voronoi-L2 weights: 39.54s
  [TrainWeights] class_balance=none mode=fixed target=10000 total=10000 MP=603.498 MR=9396.5
/home/bgg7950/.local/lib/python3.10/site-packages/xgboost/training.py:200: UserWarning: [02:16:35] WARNING: /__w/xgboost/xgboost/src/learner.cc:782: 
Parameters: { "use_label_encoder" } are not used.

  bst.update(dtrain, iteration=i, fobj=obj)
  [Timing] Classifier train: 2.61s
  [Timing] Evaluation: 1.33s
[Query    0] Acc=0.9804  Loss(test MP=0.9818 MR=0.0749 avg=0.5283)  labeled=384396 (MP=1347, MR=383049)
  >> AUC snapshot at 0 queries: PR-AUC(trapz) = 0.2343; AP = 0.2361
  [GPU] Initializing k-Median++ distances (Dynamic Chunks: 87157x10000)...
    [GPU] Initialized 87157 / 4042878 stars...
    [GPU] Initialized 522942 / 4042878 stars...
    [GPU] Initialized 958727 / 4042878 stars...
    [GPU] Initialized 1394512 / 4042878 stars...
    [GPU] Initialized 1830297 / 4042878 stars...
    [GPU] Initialized 2266082 / 4042878 stars...
    [GPU] Initialized 2701867 / 4042878 stars...
    [GPU] Initialized 3137652 / 4042878 stars...
    [GPU] Initialized 3573437 / 4042878 stars...
    [GPU] Initialized 4009222 / 4042878 stars...
  [Timing] kmedianpp query selection: 83.14s
  [Voronoi-L2] Computing sample weights (λ=100.0, max_iter=8, 384411 labeled vs 100000 target rows (subsampled from 4427274))...
    [Voronoi-L2] CUDA chunk size: 2695 pool rows x 384411 labeled
  [Timing] Voronoi-L2 weights: 19.98s
  [TrainWeights] class_balance=none mode=fixed target=10000 total=10000 MP=775.801 MR=9224.2
/home/bgg7950/.local/lib/python3.10/site-packages/xgboost/training.py:200: UserWarning: [02:18:23] WARNING: /__w/xgboost/xgboost/src/learner.cc:782: 
Parameters: { "use_label_encoder" } are not used.

  bst.update(dtrain, iteration=i, fobj=obj)
  [Timing] Classifier train: 2.65s
  [Timing] Evaluation: 1.35s
[Query   15] Acc=0.9826  Loss(test MP=0.9188 MR=0.0696 avg=0.4942)  labeled=384411 (MP=1347, MR=383064)
  >> AUC snapshot at 15 queries: PR-AUC(trapz) = 0.2532; AP = 0.2547
  [Timing] kmedianpp query selection: 0.93s
  [Voronoi-L2] Computing sample weights (λ=100.0, max_iter=8, 384426 labeled vs 100000 target rows (subsampled from 4427274))...
    [Voronoi-L2] CUDA chunk size: 1617 pool rows x 384426 labeled
  [Timing] Voronoi-L2 weights: 20.21s
  [TrainWeights] class_balance=none mode=fixed target=10000 total=10000 MP=894.111 MR=9105.89
/home/bgg7950/.local/lib/python3.10/site-packages/xgboost/training.py:200: UserWarning: [02:18:50] WARNING: /__w/xgboost/xgboost/src/learner.cc:782: 
Parameters: { "use_label_encoder" } are not used.

  bst.update(dtrain, iteration=i, fobj=obj)
  [Timing] Classifier train: 2.68s
  [Timing] Evaluation: 1.38s
[Query   30] Acc=0.9831  Loss(test MP=0.9223 MR=0.0674 avg=0.4948)  labeled=384426 (MP=1347, MR=383079)
  >> AUC snapshot at 30 queries: PR-AUC(trapz) = 0.2649; AP = 0.2664
  [Timing] kmedianpp query selection: 0.94s
  [Voronoi-L2] Computing sample weights (λ=100.0, max_iter=8, 384441 labeled vs 100000 target rows (subsampled from 4427274))...
    [Voronoi-L2] CUDA chunk size: 1617 pool rows x 384441 labeled
  [Timing] Voronoi-L2 weights: 20.17s
  [TrainWeights] class_balance=none mode=fixed target=10000 total=10000 MP=990.388 MR=9009.61
/home/bgg7950/.local/lib/python3.10/site-packages/xgboost/training.py:200: UserWarning: [02:19:16] WARNING: /__w/xgboost/xgboost/src/learner.cc:782: 
Parameters: { "use_label_encoder" } are not used.

  bst.update(dtrain, iteration=i, fobj=obj)
  [Timing] Classifier train: 2.72s
  [Timing] Evaluation: 1.37s
[Query   45] Acc=0.9839  Loss(test MP=0.9010 MR=0.0658 avg=0.4834)  labeled=384441 (MP=1347, MR=383094)
  >> AUC snapshot at 45 queries: PR-AUC(trapz) = 0.2689; AP = 0.2704
  [Timing] kmedianpp query selection: 0.93s
  [Voronoi-L2] Computing sample weights (λ=100.0, max_iter=8, 384456 labeled vs 100000 target rows (subsampled from 4427274))...
    [Voronoi-L2] CUDA chunk size: 1617 pool rows x 384456 labeled
  [Timing] Voronoi-L2 weights: 19.73s
  [TrainWeights] class_balance=none mode=fixed target=10000 total=10000 MP=1075.67 MR=8924.33
/home/bgg7950/.local/lib/python3.10/site-packages/xgboost/training.py:200: UserWarning: [02:19:42] WARNING: /__w/xgboost/xgboost/src/learner.cc:782: 
Parameters: { "use_label_encoder" } are not used.

  bst.update(dtrain, iteration=i, fobj=obj)
  [Timing] Classifier train: 2.73s
  [Timing] Evaluation: 1.40s
[Query   60] Acc=0.9844  Loss(test MP=0.8883 MR=0.0622 avg=0.4752)  labeled=384456 (MP=1347, MR=383109)
  >> AUC snapshot at 60 queries: PR-AUC(trapz) = 0.2725; AP = 0.2739
  [Timing] kmedianpp query selection: 0.94s
  [Voronoi-L2] Computing sample weights (λ=100.0, max_iter=8, 384471 labeled vs 100000 target rows (subsampled from 4427274))...
    [Voronoi-L2] CUDA chunk size: 1617 pool rows x 384471 labeled
  [Timing] Voronoi-L2 weights: 20.22s
  [TrainWeights] class_balance=none mode=fixed target=10000 total=10000 MP=1155.76 MR=8844.24
/home/bgg7950/.local/lib/python3.10/site-packages/xgboost/training.py:200: UserWarning: [02:20:09] WARNING: /__w/xgboost/xgboost/src/learner.cc:782: 
Parameters: { "use_label_encoder" } are not used.

  bst.update(dtrain, iteration=i, fobj=obj)
  [Timing] Classifier train: 2.78s
  [Timing] Evaluation: 1.40s
[Query   75] Acc=0.9851  Loss(test MP=0.8940 MR=0.0606 avg=0.4773)  labeled=384471 (MP=1347, MR=383124)
  >> AUC snapshot at 75 queries: PR-AUC(trapz) = 0.2780; AP = 0.2794
  [Timing] kmedianpp query selection: 0.98s
  [Voronoi-L2] Computing sample weights (λ=100.0, max_iter=8, 384486 labeled vs 100000 target rows (subsampled from 4427274))...
    [Voronoi-L2] CUDA chunk size: 1616 pool rows x 384486 labeled
  [Timing] Voronoi-L2 weights: 20.29s
  [TrainWeights] class_balance=none mode=fixed target=10000 total=10000 MP=1222.31 MR=8777.69
/home/bgg7950/.local/lib/python3.10/site-packages/xgboost/training.py:200: UserWarning: [02:20:35] WARNING: /__w/xgboost/xgboost/src/learner.cc:782: 
Parameters: { "use_label_encoder" } are not used.

  bst.update(dtrain, iteration=i, fobj=obj)
  [Timing] Classifier train: 2.81s
  [Timing] Evaluation: 1.41s
[Query   90] Acc=0.9855  Loss(test MP=0.8954 MR=0.0594 avg=0.4774)  labeled=384486 (MP=1347, MR=383139)
  >> AUC snapshot at 90 queries: PR-AUC(trapz) = 0.2814; AP = 0.2828
  [Timing] kmedianpp query selection: 0.91s
  [Voronoi-L2] Computing sample weights (λ=100.0, max_iter=8, 384501 labeled vs 100000 target rows (subsampled from 4427274))...
    [Voronoi-L2] CUDA chunk size: 1616 pool rows x 384501 labeled
  [Timing] Voronoi-L2 weights: 20.20s
  [TrainWeights] class_balance=none mode=fixed target=10000 total=10000 MP=1291.87 MR=8708.13
/home/bgg7950/.local/lib/python3.10/site-packages/xgboost/training.py:200: UserWarning: [02:21:02] WARNING: /__w/xgboost/xgboost/src/learner.cc:782: 
Parameters: { "use_label_encoder" } are not used.

  bst.update(dtrain, iteration=i, fobj=obj)
  [Timing] Classifier train: 2.85s
  [Timing] Evaluation: 1.41s
[Query  105] Acc=0.9860  Loss(test MP=0.8635 MR=0.0575 avg=0.4605)  labeled=384501 (MP=1347, MR=383154)
  >> AUC snapshot at 105 queries: PR-AUC(trapz) = 0.2897; AP = 0.2912
  [Timing] kmedianpp query selection: 0.99s
  [Voronoi-L2] Computing sample weights (λ=100.0, max_iter=8, 384516 labeled vs 100000 target rows (subsampled from 4427274))...
    [Voronoi-L2] CUDA chunk size: 1616 pool rows x 384516 labeled
  [Timing] Voronoi-L2 weights: 19.76s
  [TrainWeights] class_balance=none mode=fixed target=10000 total=10000 MP=1338.18 MR=8661.82
/home/bgg7950/.local/lib/python3.10/site-packages/xgboost/training.py:200: UserWarning: [02:21:28] WARNING: /__w/xgboost/xgboost/src/learner.cc:782: 
Parameters: { "use_label_encoder" } are not used.

  bst.update(dtrain, iteration=i, fobj=obj)
  [Timing] Classifier train: 2.86s
  [Timing] Evaluation: 1.42s
[Query  120] Acc=0.9864  Loss(test MP=0.8713 MR=0.0559 avg=0.4636)  labeled=384516 (MP=1347, MR=383169)
  >> AUC snapshot at 120 queries: PR-AUC(trapz) = 0.2885; AP = 0.2899
  [Timing] kmedianpp query selection: 0.95s
  [Voronoi-L2] Computing sample weights (λ=100.0, max_iter=8, 384531 labeled vs 100000 target rows (subsampled from 4427274))...
    [Voronoi-L2] CUDA chunk size: 1616 pool rows x 384531 labeled
  [Timing] Voronoi-L2 weights: 20.23s
  [TrainWeights] class_balance=none mode=fixed target=10000 total=10000 MP=1389.82 MR=8610.18
/home/bgg7950/.local/lib/python3.10/site-packages/xgboost/training.py:200: UserWarning: [02:21:55] WARNING: /__w/xgboost/xgboost/src/learner.cc:782: 
Parameters: { "use_label_encoder" } are not used.

  bst.update(dtrain, iteration=i, fobj=obj)
  [Timing] Classifier train: 2.88s
  [Timing] Evaluation: 1.41s
[Query  135] Acc=0.9872  Loss(test MP=0.8896 MR=0.0528 avg=0.4712)  labeled=384531 (MP=1347, MR=383184)
  >> AUC snapshot at 135 queries: PR-AUC(trapz) = 0.2959; AP = 0.2973
  [Timing] kmedianpp query selection: 0.97s
  [Voronoi-L2] Computing sample weights (λ=100.0, max_iter=8, 384546 labeled vs 100000 target rows (subsampled from 4427274))...
    [Voronoi-L2] CUDA chunk size: 1616 pool rows x 384546 labeled
  [Timing] Voronoi-L2 weights: 20.21s
  [TrainWeights] class_balance=none mode=fixed target=10000 total=10000 MP=1398.94 MR=8601.06
/home/bgg7950/.local/lib/python3.10/site-packages/xgboost/training.py:200: UserWarning: [02:22:21] WARNING: /__w/xgboost/xgboost/src/learner.cc:782: 
Parameters: { "use_label_encoder" } are not used.

  bst.update(dtrain, iteration=i, fobj=obj)
  [Timing] Classifier train: 2.86s
  [Timing] Evaluation: 1.41s
[Query  150] Acc=0.9879  Loss(test MP=0.9125 MR=0.0511 avg=0.4818)  labeled=384546 (MP=1347, MR=383199)
  >> AUC snapshot at 150 queries: PR-AUC(trapz) = 0.2981; AP = 0.2995

============================================================
Trial 4 / 5  (seed=45)
============================================================
  [Query RNG] kmedianpp uses a dedicated RNG stream; reweighting/training RNG draws cannot change the query plan.
  [ReweightTarget] source=full_non_eval; target_rows=100000 (subsampled from 4427274); warm_rows_in_target=8772
  [Voronoi-L2] Computing sample weights (λ=100.0, max_iter=16, 384396 labeled vs 100000 target rows (subsampled from 4427274))...
    [Voronoi-L2] Cached pool tensor on GPU: 100000 x 111
    [Voronoi-L2] CUDA chunk size: 1617 pool rows x 384396 labeled
  [Timing] Voronoi-L2 weights: 39.54s
  [TrainWeights] class_balance=none mode=fixed target=10000 total=10000 MP=604.419 MR=9395.58
/home/bgg7950/.local/lib/python3.10/site-packages/xgboost/training.py:200: UserWarning: [02:23:07] WARNING: /__w/xgboost/xgboost/src/learner.cc:782: 
Parameters: { "use_label_encoder" } are not used.

  bst.update(dtrain, iteration=i, fobj=obj)
  [Timing] Classifier train: 2.60s
  [Timing] Evaluation: 1.34s
[Query    0] Acc=0.9805  Loss(test MP=0.9167 MR=0.0750 avg=0.4958)  labeled=384396 (MP=1347, MR=383049)
  >> AUC snapshot at 0 queries: PR-AUC(trapz) = 0.2386; AP = 0.2403
  [GPU] Initializing k-Median++ distances (Dynamic Chunks: 87157x10000)...
    [GPU] Initialized 87157 / 4042878 stars...
    [GPU] Initialized 522942 / 4042878 stars...
    [GPU] Initialized 958727 / 4042878 stars...
    [GPU] Initialized 1394512 / 4042878 stars...
    [GPU] Initialized 1830297 / 4042878 stars...
    [GPU] Initialized 2266082 / 4042878 stars...
    [GPU] Initialized 2701867 / 4042878 stars...
    [GPU] Initialized 3137652 / 4042878 stars...
    [GPU] Initialized 3573437 / 4042878 stars...
    [GPU] Initialized 4009222 / 4042878 stars...
  [Timing] kmedianpp query selection: 83.12s
  [Voronoi-L2] Computing sample weights (λ=100.0, max_iter=8, 384411 labeled vs 100000 target rows (subsampled from 4427274))...
    [Voronoi-L2] CUDA chunk size: 2695 pool rows x 384411 labeled
  [Timing] Voronoi-L2 weights: 19.98s
  [TrainWeights] class_balance=none mode=fixed target=10000 total=10000 MP=771.98 MR=9228.02
/home/bgg7950/.local/lib/python3.10/site-packages/xgboost/training.py:200: UserWarning: [02:24:55] WARNING: /__w/xgboost/xgboost/src/learner.cc:782: 
Parameters: { "use_label_encoder" } are not used.

  bst.update(dtrain, iteration=i, fobj=obj)
  [Timing] Classifier train: 2.66s
  [Timing] Evaluation: 1.36s
[Query   15] Acc=0.9829  Loss(test MP=0.8243 MR=0.0699 avg=0.4471)  labeled=384411 (MP=1347, MR=383064)
  >> AUC snapshot at 15 queries: PR-AUC(trapz) = 0.2674; AP = 0.2691
  [Timing] kmedianpp query selection: 0.92s
  [Voronoi-L2] Computing sample weights (λ=100.0, max_iter=8, 384426 labeled vs 100000 target rows (subsampled from 4427274))...
    [Voronoi-L2] CUDA chunk size: 1617 pool rows x 384426 labeled
  [Timing] Voronoi-L2 weights: 20.20s
  [TrainWeights] class_balance=none mode=fixed target=10000 total=10000 MP=890.666 MR=9109.33
/home/bgg7950/.local/lib/python3.10/site-packages/xgboost/training.py:200: UserWarning: [02:25:21] WARNING: /__w/xgboost/xgboost/src/learner.cc:782: 
Parameters: { "use_label_encoder" } are not used.

  bst.update(dtrain, iteration=i, fobj=obj)
  [Timing] Classifier train: 2.69s
  [Timing] Evaluation: 1.37s
[Query   30] Acc=0.9833  Loss(test MP=0.8359 MR=0.0674 avg=0.4516)  labeled=384426 (MP=1347, MR=383079)
  >> AUC snapshot at 30 queries: PR-AUC(trapz) = 0.2627; AP = 0.2637
  [Timing] kmedianpp query selection: 0.88s
  [Voronoi-L2] Computing sample weights (λ=100.0, max_iter=8, 384441 labeled vs 100000 target rows (subsampled from 4427274))...
    [Voronoi-L2] CUDA chunk size: 1617 pool rows x 384441 labeled
  [Timing] Voronoi-L2 weights: 20.17s
  [TrainWeights] class_balance=none mode=fixed target=10000 total=10000 MP=974.684 MR=9025.32
/home/bgg7950/.local/lib/python3.10/site-packages/xgboost/training.py:200: UserWarning: [02:25:48] WARNING: /__w/xgboost/xgboost/src/learner.cc:782: 
Parameters: { "use_label_encoder" } are not used.

  bst.update(dtrain, iteration=i, fobj=obj)
  [Timing] Classifier train: 2.74s
  [Timing] Evaluation: 1.38s
[Query   45] Acc=0.9843  Loss(test MP=0.8852 MR=0.0651 avg=0.4752)  labeled=384441 (MP=1347, MR=383094)
  >> AUC snapshot at 45 queries: PR-AUC(trapz) = 0.2662; AP = 0.2677
  [Timing] kmedianpp query selection: 0.98s
  [Voronoi-L2] Computing sample weights (λ=100.0, max_iter=8, 384456 labeled vs 100000 target rows (subsampled from 4427274))...
    [Voronoi-L2] CUDA chunk size: 1617 pool rows x 384456 labeled
  [Timing] Voronoi-L2 weights: 19.73s
  [TrainWeights] class_balance=none mode=fixed target=10000 total=10000 MP=1070.05 MR=8929.95
/home/bgg7950/.local/lib/python3.10/site-packages/xgboost/training.py:200: UserWarning: [02:26:14] WARNING: /__w/xgboost/xgboost/src/learner.cc:782: 
Parameters: { "use_label_encoder" } are not used.

  bst.update(dtrain, iteration=i, fobj=obj)
  [Timing] Classifier train: 2.76s
  [Timing] Evaluation: 1.35s
[Query   60] Acc=0.9844  Loss(test MP=0.8378 MR=0.0633 avg=0.4506)  labeled=384456 (MP=1347, MR=383109)
  >> AUC snapshot at 60 queries: PR-AUC(trapz) = 0.2743; AP = 0.2758
  [Timing] kmedianpp query selection: 0.91s
  [Voronoi-L2] Computing sample weights (λ=100.0, max_iter=8, 384471 labeled vs 100000 target rows (subsampled from 4427274))...
    [Voronoi-L2] CUDA chunk size: 1617 pool rows x 384471 labeled
  [Timing] Voronoi-L2 weights: 20.22s
  [TrainWeights] class_balance=none mode=fixed target=10000 total=10000 MP=1144.27 MR=8855.73
/home/bgg7950/.local/lib/python3.10/site-packages/xgboost/training.py:200: UserWarning: [02:26:40] WARNING: /__w/xgboost/xgboost/src/learner.cc:782: 
Parameters: { "use_label_encoder" } are not used.

  bst.update(dtrain, iteration=i, fobj=obj)
  [Timing] Classifier train: 2.78s
  [Timing] Evaluation: 1.41s
[Query   75] Acc=0.9846  Loss(test MP=0.8430 MR=0.0619 avg=0.4524)  labeled=384471 (MP=1347, MR=383124)
  >> AUC snapshot at 75 queries: PR-AUC(trapz) = 0.2761; AP = 0.2776
  [Timing] kmedianpp query selection: 1.01s
  [Voronoi-L2] Computing sample weights (λ=100.0, max_iter=8, 384486 labeled vs 100000 target rows (subsampled from 4427274))...
    [Voronoi-L2] CUDA chunk size: 1616 pool rows x 384486 labeled
  [Timing] Voronoi-L2 weights: 20.29s
  [TrainWeights] class_balance=none mode=fixed target=10000 total=10000 MP=1209.37 MR=8790.63
/home/bgg7950/.local/lib/python3.10/site-packages/xgboost/training.py:200: UserWarning: [02:27:07] WARNING: /__w/xgboost/xgboost/src/learner.cc:782: 
Parameters: { "use_label_encoder" } are not used.

  bst.update(dtrain, iteration=i, fobj=obj)
  [Timing] Classifier train: 2.80s
  [Timing] Evaluation: 1.40s
[Query   90] Acc=0.9864  Loss(test MP=0.8693 MR=0.0576 avg=0.4635)  labeled=384486 (MP=1347, MR=383139)
  >> AUC snapshot at 90 queries: PR-AUC(trapz) = 0.2964; AP = 0.2978
  [Timing] kmedianpp query selection: 0.89s
  [Voronoi-L2] Computing sample weights (λ=100.0, max_iter=8, 384501 labeled vs 100000 target rows (subsampled from 4427274))...
    [Voronoi-L2] CUDA chunk size: 1616 pool rows x 384501 labeled
  [Timing] Voronoi-L2 weights: 20.20s
  [TrainWeights] class_balance=none mode=fixed target=10000 total=10000 MP=1273.47 MR=8726.53
/home/bgg7950/.local/lib/python3.10/site-packages/xgboost/training.py:200: UserWarning: [02:27:33] WARNING: /__w/xgboost/xgboost/src/learner.cc:782: 
Parameters: { "use_label_encoder" } are not used.

  bst.update(dtrain, iteration=i, fobj=obj)
  [Timing] Classifier train: 2.85s
  [Timing] Evaluation: 1.40s
[Query  105] Acc=0.9870  Loss(test MP=0.9033 MR=0.0554 avg=0.4793)  labeled=384501 (MP=1347, MR=383154)
  >> AUC snapshot at 105 queries: PR-AUC(trapz) = 0.2948; AP = 0.2962
  [Timing] kmedianpp query selection: 1.03s
  [Voronoi-L2] Computing sample weights (λ=100.0, max_iter=8, 384516 labeled vs 100000 target rows (subsampled from 4427274))...
    [Voronoi-L2] CUDA chunk size: 1616 pool rows x 384516 labeled
  [Timing] Voronoi-L2 weights: 19.76s
  [TrainWeights] class_balance=none mode=fixed target=10000 total=10000 MP=1333.03 MR=8666.97
/home/bgg7950/.local/lib/python3.10/site-packages/xgboost/training.py:200: UserWarning: [02:28:00] WARNING: /__w/xgboost/xgboost/src/learner.cc:782: 
Parameters: { "use_label_encoder" } are not used.

  bst.update(dtrain, iteration=i, fobj=obj)
  [Timing] Classifier train: 2.87s
  [Timing] Evaluation: 1.41s
[Query  120] Acc=0.9867  Loss(test MP=0.8746 MR=0.0551 avg=0.4649)  labeled=384516 (MP=1347, MR=383169)
  >> AUC snapshot at 120 queries: PR-AUC(trapz) = 0.2978; AP = 0.2991
  [Timing] kmedianpp query selection: 0.97s
  [Voronoi-L2] Computing sample weights (λ=100.0, max_iter=8, 384531 labeled vs 100000 target rows (subsampled from 4427274))...
    [Voronoi-L2] CUDA chunk size: 1616 pool rows x 384531 labeled
  [Timing] Voronoi-L2 weights: 20.22s
  [TrainWeights] class_balance=none mode=fixed target=10000 total=10000 MP=1362.72 MR=8637.28
/home/bgg7950/.local/lib/python3.10/site-packages/xgboost/training.py:200: UserWarning: [02:28:26] WARNING: /__w/xgboost/xgboost/src/learner.cc:782: 
Parameters: { "use_label_encoder" } are not used.

  bst.update(dtrain, iteration=i, fobj=obj)
  [Timing] Classifier train: 2.87s
  [Timing] Evaluation: 1.41s
[Query  135] Acc=0.9868  Loss(test MP=0.8818 MR=0.0545 avg=0.4682)  labeled=384531 (MP=1347, MR=383184)
  >> AUC snapshot at 135 queries: PR-AUC(trapz) = 0.3015; AP = 0.3028
  [Timing] kmedianpp query selection: 0.92s
  [Voronoi-L2] Computing sample weights (λ=100.0, max_iter=8, 384546 labeled vs 100000 target rows (subsampled from 4427274))...
    [Voronoi-L2] CUDA chunk size: 1616 pool rows x 384546 labeled
  [Timing] Voronoi-L2 weights: 20.21s
  [TrainWeights] class_balance=none mode=fixed target=10000 total=10000 MP=1395.39 MR=8604.61
/home/bgg7950/.local/lib/python3.10/site-packages/xgboost/training.py:200: UserWarning: [02:28:53] WARNING: /__w/xgboost/xgboost/src/learner.cc:782: 
Parameters: { "use_label_encoder" } are not used.

  bst.update(dtrain, iteration=i, fobj=obj)
  [Timing] Classifier train: 2.89s
  [Timing] Evaluation: 1.41s
[Query  150] Acc=0.9877  Loss(test MP=0.8830 MR=0.0517 avg=0.4673)  labeled=384546 (MP=1347, MR=383199)
  >> AUC snapshot at 150 queries: PR-AUC(trapz) = 0.3006; AP = 0.3020

============================================================
Trial 5 / 5  (seed=46)
============================================================
  [Query RNG] kmedianpp uses a dedicated RNG stream; reweighting/training RNG draws cannot change the query plan.
  [ReweightTarget] source=full_non_eval; target_rows=100000 (subsampled from 4427274); warm_rows_in_target=8550
  [Voronoi-L2] Computing sample weights (λ=100.0, max_iter=16, 384396 labeled vs 100000 target rows (subsampled from 4427274))...
    [Voronoi-L2] Cached pool tensor on GPU: 100000 x 111
    [Voronoi-L2] CUDA chunk size: 1617 pool rows x 384396 labeled
  [Timing] Voronoi-L2 weights: 39.54s
  [TrainWeights] class_balance=none mode=fixed target=10000 total=10000 MP=605.089 MR=9394.91
/home/bgg7950/.local/lib/python3.10/site-packages/xgboost/training.py:200: UserWarning: [02:29:38] WARNING: /__w/xgboost/xgboost/src/learner.cc:782: 
Parameters: { "use_label_encoder" } are not used.

  bst.update(dtrain, iteration=i, fobj=obj)
  [Timing] Classifier train: 2.63s
  [Timing] Evaluation: 1.34s
[Query    0] Acc=0.9817  Loss(test MP=0.9307 MR=0.0724 avg=0.5015)  labeled=384396 (MP=1347, MR=383049)
  >> AUC snapshot at 0 queries: PR-AUC(trapz) = 0.2429; AP = 0.2447
  [GPU] Initializing k-Median++ distances (Dynamic Chunks: 87157x10000)...
    [GPU] Initialized 87157 / 4042878 stars...
    [GPU] Initialized 522942 / 4042878 stars...
    [GPU] Initialized 958727 / 4042878 stars...
    [GPU] Initialized 1394512 / 4042878 stars...
    [GPU] Initialized 1830297 / 4042878 stars...
    [GPU] Initialized 2266082 / 4042878 stars...
    [GPU] Initialized 2701867 / 4042878 stars...
    [GPU] Initialized 3137652 / 4042878 stars...
    [GPU] Initialized 3573437 / 4042878 stars...
    [GPU] Initialized 4009222 / 4042878 stars...
  [Timing] kmedianpp query selection: 83.00s
  [Voronoi-L2] Computing sample weights (λ=100.0, max_iter=8, 384411 labeled vs 100000 target rows (subsampled from 4427274))...
    [Voronoi-L2] CUDA chunk size: 2695 pool rows x 384411 labeled
  [Timing] Voronoi-L2 weights: 19.98s
  [TrainWeights] class_balance=none mode=fixed target=10000 total=10000 MP=772.539 MR=9227.46
/home/bgg7950/.local/lib/python3.10/site-packages/xgboost/training.py:200: UserWarning: [02:31:26] WARNING: /__w/xgboost/xgboost/src/learner.cc:782: 
Parameters: { "use_label_encoder" } are not used.

  bst.update(dtrain, iteration=i, fobj=obj)
  [Timing] Classifier train: 2.66s
  [Timing] Evaluation: 1.35s
[Query   15] Acc=0.9810  Loss(test MP=0.8256 MR=0.0739 avg=0.4498)  labeled=384411 (MP=1347, MR=383064)
  >> AUC snapshot at 15 queries: PR-AUC(trapz) = 0.2634; AP = 0.2649
  [Timing] kmedianpp query selection: 0.98s
  [Voronoi-L2] Computing sample weights (λ=100.0, max_iter=8, 384426 labeled vs 100000 target rows (subsampled from 4427274))...
    [Voronoi-L2] CUDA chunk size: 1617 pool rows x 384426 labeled
  [Timing] Voronoi-L2 weights: 20.20s
  [TrainWeights] class_balance=none mode=fixed target=10000 total=10000 MP=868.211 MR=9131.79
/home/bgg7950/.local/lib/python3.10/site-packages/xgboost/training.py:200: UserWarning: [02:31:53] WARNING: /__w/xgboost/xgboost/src/learner.cc:782: 
Parameters: { "use_label_encoder" } are not used.

  bst.update(dtrain, iteration=i, fobj=obj)
  [Timing] Classifier train: 2.69s
  [Timing] Evaluation: 1.38s
[Query   30] Acc=0.9829  Loss(test MP=0.8386 MR=0.0673 avg=0.4530)  labeled=384426 (MP=1347, MR=383079)
  >> AUC snapshot at 30 queries: PR-AUC(trapz) = 0.2647; AP = 0.2662
  [Timing] kmedianpp query selection: 0.89s
  [Voronoi-L2] Computing sample weights (λ=100.0, max_iter=8, 384441 labeled vs 100000 target rows (subsampled from 4427274))...
    [Voronoi-L2] CUDA chunk size: 1617 pool rows x 384441 labeled
  [Timing] Voronoi-L2 weights: 20.17s
  [TrainWeights] class_balance=none mode=fixed target=10000 total=10000 MP=978.098 MR=9021.9
/home/bgg7950/.local/lib/python3.10/site-packages/xgboost/training.py:200: UserWarning: [02:32:19] WARNING: /__w/xgboost/xgboost/src/learner.cc:782: 
Parameters: { "use_label_encoder" } are not used.

  bst.update(dtrain, iteration=i, fobj=obj)
  [Timing] Classifier train: 2.73s
  [Timing] Evaluation: 1.38s
[Query   45] Acc=0.9834  Loss(test MP=0.8200 MR=0.0647 avg=0.4424)  labeled=384441 (MP=1347, MR=383094)
  >> AUC snapshot at 45 queries: PR-AUC(trapz) = 0.2633; AP = 0.2649
  [Timing] kmedianpp query selection: 0.97s
  [Voronoi-L2] Computing sample weights (λ=100.0, max_iter=8, 384456 labeled vs 100000 target rows (subsampled from 4427274))...
    [Voronoi-L2] CUDA chunk size: 1617 pool rows x 384456 labeled
  [Timing] Voronoi-L2 weights: 19.73s
  [TrainWeights] class_balance=none mode=fixed target=10000 total=10000 MP=1053.29 MR=8946.71
/home/bgg7950/.local/lib/python3.10/site-packages/xgboost/training.py:200: UserWarning: [02:32:45] WARNING: /__w/xgboost/xgboost/src/learner.cc:782: 
Parameters: { "use_label_encoder" } are not used.

  bst.update(dtrain, iteration=i, fobj=obj)
  [Timing] Classifier train: 2.76s
  [Timing] Evaluation: 1.40s
[Query   60] Acc=0.9845  Loss(test MP=0.8507 MR=0.0623 avg=0.4565)  labeled=384456 (MP=1347, MR=383109)
  >> AUC snapshot at 60 queries: PR-AUC(trapz) = 0.2735; AP = 0.2750
  [Timing] kmedianpp query selection: 0.89s
  [Voronoi-L2] Computing sample weights (λ=100.0, max_iter=8, 384471 labeled vs 100000 target rows (subsampled from 4427274))...
    [Voronoi-L2] CUDA chunk size: 1617 pool rows x 384471 labeled
  [Timing] Voronoi-L2 weights: 20.21s
  [TrainWeights] class_balance=none mode=fixed target=10000 total=10000 MP=1107.15 MR=8892.85
/home/bgg7950/.local/lib/python3.10/site-packages/xgboost/training.py:200: UserWarning: [02:33:12] WARNING: /__w/xgboost/xgboost/src/learner.cc:782: 
Parameters: { "use_label_encoder" } are not used.

  bst.update(dtrain, iteration=i, fobj=obj)
  [Timing] Classifier train: 2.78s
  [Timing] Evaluation: 1.40s
[Query   75] Acc=0.9853  Loss(test MP=0.8547 MR=0.0593 avg=0.4570)  labeled=384471 (MP=1347, MR=383124)
  >> AUC snapshot at 75 queries: PR-AUC(trapz) = 0.2813; AP = 0.2827
  [Timing] kmedianpp query selection: 0.97s
  [Voronoi-L2] Computing sample weights (λ=100.0, max_iter=8, 384486 labeled vs 100000 target rows (subsampled from 4427274))...
    [Voronoi-L2] CUDA chunk size: 1616 pool rows x 384486 labeled
  [Timing] Voronoi-L2 weights: 20.29s
  [TrainWeights] class_balance=none mode=fixed target=10000 total=10000 MP=1182.8 MR=8817.2
/home/bgg7950/.local/lib/python3.10/site-packages/xgboost/training.py:200: UserWarning: [02:33:38] WARNING: /__w/xgboost/xgboost/src/learner.cc:782: 
Parameters: { "use_label_encoder" } are not used.

  bst.update(dtrain, iteration=i, fobj=obj)
  [Timing] Classifier train: 2.82s
  [Timing] Evaluation: 1.39s
[Query   90] Acc=0.9854  Loss(test MP=0.8854 MR=0.0583 avg=0.4719)  labeled=384486 (MP=1347, MR=383139)
  >> AUC snapshot at 90 queries: PR-AUC(trapz) = 0.2869; AP = 0.2883
  [Timing] kmedianpp query selection: 0.88s
  [Voronoi-L2] Computing sample weights (λ=100.0, max_iter=8, 384501 labeled vs 100000 target rows (subsampled from 4427274))...
    [Voronoi-L2] CUDA chunk size: 1616 pool rows x 384501 labeled
  [Timing] Voronoi-L2 weights: 20.20s
  [TrainWeights] class_balance=none mode=fixed target=10000 total=10000 MP=1258.24 MR=8741.76
/home/bgg7950/.local/lib/python3.10/site-packages/xgboost/training.py:200: UserWarning: [02:34:05] WARNING: /__w/xgboost/xgboost/src/learner.cc:782: 
Parameters: { "use_label_encoder" } are not used.

  bst.update(dtrain, iteration=i, fobj=obj)
  [Timing] Classifier train: 2.84s
  [Timing] Evaluation: 1.40s
[Query  105] Acc=0.9860  Loss(test MP=0.8460 MR=0.0567 avg=0.4514)  labeled=384501 (MP=1347, MR=383154)
  >> AUC snapshot at 105 queries: PR-AUC(trapz) = 0.2863; AP = 0.2878
  [Timing] kmedianpp query selection: 0.97s
  [Voronoi-L2] Computing sample weights (λ=100.0, max_iter=8, 384516 labeled vs 100000 target rows (subsampled from 4427274))...
    [Voronoi-L2] CUDA chunk size: 1616 pool rows x 384516 labeled
  [Timing] Voronoi-L2 weights: 19.77s
  [TrainWeights] class_balance=none mode=fixed target=10000 total=10000 MP=1291.24 MR=8708.76
/home/bgg7950/.local/lib/python3.10/site-packages/xgboost/training.py:200: UserWarning: [02:34:31] WARNING: /__w/xgboost/xgboost/src/learner.cc:782: 
Parameters: { "use_label_encoder" } are not used.

  bst.update(dtrain, iteration=i, fobj=obj)
  [Timing] Classifier train: 2.85s
  [Timing] Evaluation: 1.40s
[Query  120] Acc=0.9862  Loss(test MP=0.8715 MR=0.0554 avg=0.4634)  labeled=384516 (MP=1347, MR=383169)
  >> AUC snapshot at 120 queries: PR-AUC(trapz) = 0.2927; AP = 0.2941
  [Timing] kmedianpp query selection: 0.89s
  [Voronoi-L2] Computing sample weights (λ=100.0, max_iter=8, 384531 labeled vs 100000 target rows (subsampled from 4427274))...
    [Voronoi-L2] CUDA chunk size: 1616 pool rows x 384531 labeled
  [Timing] Voronoi-L2 weights: 20.22s
  [TrainWeights] class_balance=none mode=fixed target=10000 total=10000 MP=1351.96 MR=8648.04
/home/bgg7950/.local/lib/python3.10/site-packages/xgboost/training.py:200: UserWarning: [02:34:57] WARNING: /__w/xgboost/xgboost/src/learner.cc:782: 
Parameters: { "use_label_encoder" } are not used.

  bst.update(dtrain, iteration=i, fobj=obj)
  [Timing] Classifier train: 2.86s
  [Timing] Evaluation: 1.42s
[Query  135] Acc=0.9866  Loss(test MP=0.8999 MR=0.0538 avg=0.4769)  labeled=384531 (MP=1347, MR=383184)
  >> AUC snapshot at 135 queries: PR-AUC(trapz) = 0.2925; AP = 0.2939
  [Timing] kmedianpp query selection: 0.98s
  [Voronoi-L2] Computing sample weights (λ=100.0, max_iter=8, 384546 labeled vs 100000 target rows (subsampled from 4427274))...
    [Voronoi-L2] CUDA chunk size: 1616 pool rows x 384546 labeled
  [Timing] Voronoi-L2 weights: 20.21s
  [TrainWeights] class_balance=none mode=fixed target=10000 total=10000 MP=1391.57 MR=8608.43
/home/bgg7950/.local/lib/python3.10/site-packages/xgboost/training.py:200: UserWarning: [02:35:24] WARNING: /__w/xgboost/xgboost/src/learner.cc:782: 
Parameters: { "use_label_encoder" } are not used.

  bst.update(dtrain, iteration=i, fobj=obj)
  [Timing] Classifier train: 2.88s
  [Timing] Evaluation: 1.41s
[Query  150] Acc=0.9871  Loss(test MP=0.9005 MR=0.0526 avg=0.4765)  labeled=384546 (MP=1347, MR=383199)
  >> AUC snapshot at 150 queries: PR-AUC(trapz) = 0.2979; AP = 0.2993

Total runtime (5 trial(s)): 1985.7s
Saved AUC trials plot to xgb_wasserstein_l2_noclassbalance_fixed10k_fullheldout_reweightfull_150q_5seeds_eval15/al_xgb_kmedianpp_l2_150_lambda_100/auc_trials.png
Saved average-precision trials plot to xgb_wasserstein_l2_noclassbalance_fixed10k_fullheldout_reweightfull_150q_5seeds_eval15/al_xgb_kmedianpp_l2_150_lambda_100/average_precision_trials.png
/home/bgg7950/astro-active-learning/active_learning.py:2876: RuntimeWarning: invalid value encountered in divide
  fractions = counts / queries_arr[np.newaxis, :]
/home/bgg7950/astro-active-learning/active_learning.py:2878: RuntimeWarning: Mean of empty slice
  mean_frac = np.nanmean(fractions, axis=0)
/home/bgg7950/.local/lib/python3.10/site-packages/numpy/lib/nanfunctions.py:1879: RuntimeWarning: Degrees of freedom <= 0 for slice.
  var = nanvar(a, axis=axis, dtype=dtype, out=out, ddof=ddof,
Saved MP fraction trials plot to xgb_wasserstein_l2_noclassbalance_fixed10k_fullheldout_reweightfull_150q_5seeds_eval15/al_xgb_kmedianpp_l2_150_lambda_100/mp_fraction_trials.png
Saved MP test loss trials plot to xgb_wasserstein_l2_noclassbalance_fixed10k_fullheldout_reweightfull_150q_5seeds_eval15/al_xgb_kmedianpp_l2_150_lambda_100/test_loss_MP_trials.png
Saved MR test loss trials plot to xgb_wasserstein_l2_noclassbalance_fixed10k_fullheldout_reweightfull_150q_5seeds_eval15/al_xgb_kmedianpp_l2_150_lambda_100/test_loss_MR_trials.png
Saved weight-stat trials plot to xgb_wasserstein_l2_noclassbalance_fixed10k_fullheldout_reweightfull_150q_5seeds_eval15/al_xgb_kmedianpp_l2_150_lambda_100/weight_l2_norm_trials.png
Saved weight-stat trials plot to xgb_wasserstein_l2_noclassbalance_fixed10k_fullheldout_reweightfull_150q_5seeds_eval15/al_xgb_kmedianpp_l2_150_lambda_100/weight_l2_sq_trials.png
Saved weight-stat trials plot to xgb_wasserstein_l2_noclassbalance_fixed10k_fullheldout_reweightfull_150q_5seeds_eval15/al_xgb_kmedianpp_l2_150_lambda_100/weight_effective_sample_size_trials.png

All outputs saved to xgb_wasserstein_l2_noclassbalance_fixed10k_fullheldout_reweightfull_150q_5seeds_eval15/al_xgb_kmedianpp_l2_150_lambda_100/

============================================================
  Matched baseline 3: random sampling + no reweight
  Output: xgb_wasserstein_l2_noclassbalance_fixed10k_fullheldout_reweightfull_150q_5seeds_eval15/al_xgb_random_none_150_lambda_inf
============================================================
/usr/lib/python3/dist-packages/scipy/__init__.py:146: UserWarning: A NumPy version >=1.17.3 and <1.25.0 is required for this version of SciPy (detected version 1.26.4
  warnings.warn(f"A NumPy version >={np_minversion} and <{np_maxversion}"
  [Torch] CUDA detected; TF32 matmul enabled where supported.
Loading warm-start data from bp_rp_lamost_normalized_low_teff.h5 ...
Loading full population from bp_rp_lamost_normalized.h5 ...
  Data loaded in 17.6s
  Warm-start: 384396 (MP=1347, MR=383049)
  Pool: 4042878 (MP=7375, MR=4035503)
  Eval set: 500000 (MP=971, MR=499029)
  Eval source: full_heldout
  Eval original warm-start membership: 43666/500000 (8.7332%)
  Eval/final warm-start overlap: 0
  Eval/query pool overlap: 0
  Train weight-sum mode: fixed; initial labeled count=384396; initial target sum=10000
  Reweight target source: full_non_eval (final warm-start + query pool); total=4427274, final warm-start contribution=384396 (8.6825%)

============================================================
Trial 1 / 5  (seed=42)
============================================================
  [TrainWeights] class_balance=none mode=fixed target=10000 total=10000 MP=35.042 MR=9964.96
/home/bgg7950/.local/lib/python3.10/site-packages/xgboost/training.py:200: UserWarning: [02:35:53] WARNING: /__w/xgboost/xgboost/src/learner.cc:782: 
Parameters: { "use_label_encoder" } are not used.

  bst.update(dtrain, iteration=i, fobj=obj)
  [Timing] Classifier train: 1.78s
/home/bgg7950/.local/lib/python3.10/site-packages/xgboost/core.py:751: UserWarning: [02:35:54] WARNING: /__w/xgboost/xgboost/src/common/error_msg.cc:62: Falling back to prediction using DMatrix due to mismatched devices. This might lead to higher memory usage and slower performance. XGBoost is running on: cuda:0, while the input data is on: cpu.
Potential solutions:
- Use a data structure that matches the device ordinal in the booster.
- Set the device for booster before call to inplace_predict.

This warning will only be shown once.

  return func(**kwargs)
  [Timing] Evaluation: 1.07s
[Query    0] Acc=0.9982  Loss(test MP=1.6658 MR=0.0297 avg=0.8478)  labeled=384396 (MP=1347, MR=383049)
  >> AUC snapshot at 0 queries: PR-AUC(trapz) = 0.2634; AP = 0.2647
  [Timing] random query selection: 0.36s
  [TrainWeights] class_balance=none mode=fixed target=10000 total=10000 MP=35.0406 MR=9964.96
/home/bgg7950/.local/lib/python3.10/site-packages/xgboost/training.py:200: UserWarning: [02:35:57] WARNING: /__w/xgboost/xgboost/src/learner.cc:782: 
Parameters: { "use_label_encoder" } are not used.

  bst.update(dtrain, iteration=i, fobj=obj)
  [Timing] Classifier train: 1.63s
  [Timing] Evaluation: 1.03s
[Query   15] Acc=0.9982  Loss(test MP=1.6718 MR=0.0300 avg=0.8509)  labeled=384411 (MP=1347, MR=383064)
  >> AUC snapshot at 15 queries: PR-AUC(trapz) = 0.2604; AP = 0.2616
  [Timing] random query selection: 0.36s
  [TrainWeights] class_balance=none mode=fixed target=10000 total=10000 MP=35.0393 MR=9964.96
/home/bgg7950/.local/lib/python3.10/site-packages/xgboost/training.py:200: UserWarning: [02:36:00] WARNING: /__w/xgboost/xgboost/src/learner.cc:782: 
Parameters: { "use_label_encoder" } are not used.

  bst.update(dtrain, iteration=i, fobj=obj)
  [Timing] Classifier train: 1.62s
  [Timing] Evaluation: 1.04s
[Query   30] Acc=0.9982  Loss(test MP=1.6658 MR=0.0302 avg=0.8480)  labeled=384426 (MP=1347, MR=383079)
  >> AUC snapshot at 30 queries: PR-AUC(trapz) = 0.2573; AP = 0.2585
  [Timing] random query selection: 0.35s
  [TrainWeights] class_balance=none mode=fixed target=10000 total=10000 MP=35.0379 MR=9964.96
/home/bgg7950/.local/lib/python3.10/site-packages/xgboost/training.py:200: UserWarning: [02:36:04] WARNING: /__w/xgboost/xgboost/src/learner.cc:782: 
Parameters: { "use_label_encoder" } are not used.

  bst.update(dtrain, iteration=i, fobj=obj)
  [Timing] Classifier train: 1.61s
  [Timing] Evaluation: 1.03s
[Query   45] Acc=0.9982  Loss(test MP=1.6623 MR=0.0304 avg=0.8463)  labeled=384441 (MP=1347, MR=383094)
  >> AUC snapshot at 45 queries: PR-AUC(trapz) = 0.2593; AP = 0.2605
  [Timing] random query selection: 0.35s
  [TrainWeights] class_balance=none mode=fixed target=10000 total=10000 MP=35.0365 MR=9964.96
/home/bgg7950/.local/lib/python3.10/site-packages/xgboost/training.py:200: UserWarning: [02:36:08] WARNING: /__w/xgboost/xgboost/src/learner.cc:782: 
Parameters: { "use_label_encoder" } are not used.

  bst.update(dtrain, iteration=i, fobj=obj)
  [Timing] Classifier train: 1.63s
  [Timing] Evaluation: 1.04s
[Query   60] Acc=0.9981  Loss(test MP=1.6860 MR=0.0293 avg=0.8576)  labeled=384456 (MP=1347, MR=383109)
  >> AUC snapshot at 60 queries: PR-AUC(trapz) = 0.2575; AP = 0.2587
  [Timing] random query selection: 0.35s
  [TrainWeights] class_balance=none mode=fixed target=10000 total=10000 MP=35.0352 MR=9964.96
/home/bgg7950/.local/lib/python3.10/site-packages/xgboost/training.py:200: UserWarning: [02:36:12] WARNING: /__w/xgboost/xgboost/src/learner.cc:782: 
Parameters: { "use_label_encoder" } are not used.

  bst.update(dtrain, iteration=i, fobj=obj)
  [Timing] Classifier train: 1.62s
  [Timing] Evaluation: 1.04s
[Query   75] Acc=0.9981  Loss(test MP=1.6744 MR=0.0301 avg=0.8523)  labeled=384471 (MP=1347, MR=383124)
  >> AUC snapshot at 75 queries: PR-AUC(trapz) = 0.2558; AP = 0.2571
  [Timing] random query selection: 0.35s
  [TrainWeights] class_balance=none mode=fixed target=10000 total=10000 MP=35.0338 MR=9964.97
/home/bgg7950/.local/lib/python3.10/site-packages/xgboost/training.py:200: UserWarning: [02:36:16] WARNING: /__w/xgboost/xgboost/src/learner.cc:782: 
Parameters: { "use_label_encoder" } are not used.

  bst.update(dtrain, iteration=i, fobj=obj)
  [Timing] Classifier train: 1.61s
  [Timing] Evaluation: 1.04s
[Query   90] Acc=0.9981  Loss(test MP=1.6635 MR=0.0300 avg=0.8468)  labeled=384486 (MP=1347, MR=383139)
  >> AUC snapshot at 90 queries: PR-AUC(trapz) = 0.2587; AP = 0.2599
  [Timing] random query selection: 0.35s
  [TrainWeights] class_balance=none mode=fixed target=10000 total=10000 MP=35.0324 MR=9964.97
/home/bgg7950/.local/lib/python3.10/site-packages/xgboost/training.py:200: UserWarning: [02:36:20] WARNING: /__w/xgboost/xgboost/src/learner.cc:782: 
Parameters: { "use_label_encoder" } are not used.

  bst.update(dtrain, iteration=i, fobj=obj)
  [Timing] Classifier train: 1.63s
  [Timing] Evaluation: 1.03s
[Query  105] Acc=0.9981  Loss(test MP=1.6880 MR=0.0291 avg=0.8585)  labeled=384501 (MP=1347, MR=383154)
  >> AUC snapshot at 105 queries: PR-AUC(trapz) = 0.2565; AP = 0.2577
  [Timing] random query selection: 0.35s
  [TrainWeights] class_balance=none mode=fixed target=10000 total=10000 MP=35.0311 MR=9964.97
/home/bgg7950/.local/lib/python3.10/site-packages/xgboost/training.py:200: UserWarning: [02:36:24] WARNING: /__w/xgboost/xgboost/src/learner.cc:782: 
Parameters: { "use_label_encoder" } are not used.

  bst.update(dtrain, iteration=i, fobj=obj)
  [Timing] Classifier train: 1.64s
  [Timing] Evaluation: 1.04s
[Query  120] Acc=0.9982  Loss(test MP=1.6995 MR=0.0289 avg=0.8642)  labeled=384516 (MP=1347, MR=383169)
  >> AUC snapshot at 120 queries: PR-AUC(trapz) = 0.2578; AP = 0.2591
  [Timing] random query selection: 0.35s
  [TrainWeights] class_balance=none mode=fixed target=10000 total=10000 MP=35.0297 MR=9964.97
/home/bgg7950/.local/lib/python3.10/site-packages/xgboost/training.py:200: UserWarning: [02:36:28] WARNING: /__w/xgboost/xgboost/src/learner.cc:782: 
Parameters: { "use_label_encoder" } are not used.

  bst.update(dtrain, iteration=i, fobj=obj)
  [Timing] Classifier train: 1.61s
  [Timing] Evaluation: 1.03s
[Query  135] Acc=0.9981  Loss(test MP=1.6452 MR=0.0318 avg=0.8385)  labeled=384531 (MP=1347, MR=383184)
  >> AUC snapshot at 135 queries: PR-AUC(trapz) = 0.2452; AP = 0.2465
  [Timing] random query selection: 0.35s
  [TrainWeights] class_balance=none mode=fixed target=10000 total=10000 MP=35.0283 MR=9964.97
/home/bgg7950/.local/lib/python3.10/site-packages/xgboost/training.py:200: UserWarning: [02:36:32] WARNING: /__w/xgboost/xgboost/src/learner.cc:782: 
Parameters: { "use_label_encoder" } are not used.

  bst.update(dtrain, iteration=i, fobj=obj)
  [Timing] Classifier train: 1.63s
  [Timing] Evaluation: 1.02s
[Query  150] Acc=0.9981  Loss(test MP=1.6998 MR=0.0288 avg=0.8643)  labeled=384546 (MP=1347, MR=383199)
  >> AUC snapshot at 150 queries: PR-AUC(trapz) = 0.2523; AP = 0.2535

Trial 1 runtime: 62.4s  (data loading: 17.6s)
Saved PR curve plot to xgb_wasserstein_l2_noclassbalance_fixed10k_fullheldout_reweightfull_150q_5seeds_eval15/al_xgb_random_none_150_lambda_inf/pr_curve_mp.png.

============================================================
Trial 2 / 5  (seed=43)
============================================================
  [TrainWeights] class_balance=none mode=fixed target=10000 total=10000 MP=35.042 MR=9964.96
/home/bgg7950/.local/lib/python3.10/site-packages/xgboost/training.py:200: UserWarning: [02:36:41] WARNING: /__w/xgboost/xgboost/src/learner.cc:782: 
Parameters: { "use_label_encoder" } are not used.

  bst.update(dtrain, iteration=i, fobj=obj)
  [Timing] Classifier train: 1.62s
  [Timing] Evaluation: 1.04s
[Query    0] Acc=0.9980  Loss(test MP=1.6195 MR=0.0336 avg=0.8265)  labeled=384396 (MP=1347, MR=383049)
  >> AUC snapshot at 0 queries: PR-AUC(trapz) = 0.2386; AP = 0.2399
  [Timing] random query selection: 0.36s
  [TrainWeights] class_balance=none mode=fixed target=10000 total=10000 MP=35.0406 MR=9964.96
/home/bgg7950/.local/lib/python3.10/site-packages/xgboost/training.py:200: UserWarning: [02:36:45] WARNING: /__w/xgboost/xgboost/src/learner.cc:782: 
Parameters: { "use_label_encoder" } are not used.

  bst.update(dtrain, iteration=i, fobj=obj)
  [Timing] Classifier train: 1.59s
  [Timing] Evaluation: 1.03s
[Query   15] Acc=0.9980  Loss(test MP=1.6041 MR=0.0343 avg=0.8192)  labeled=384411 (MP=1347, MR=383064)
  >> AUC snapshot at 15 queries: PR-AUC(trapz) = 0.2369; AP = 0.2382
  [Timing] random query selection: 0.36s
  [TrainWeights] class_balance=none mode=fixed target=10000 total=10000 MP=35.0393 MR=9964.96
/home/bgg7950/.local/lib/python3.10/site-packages/xgboost/training.py:200: UserWarning: [02:36:48] WARNING: /__w/xgboost/xgboost/src/learner.cc:782: 
Parameters: { "use_label_encoder" } are not used.

  bst.update(dtrain, iteration=i, fobj=obj)
  [Timing] Classifier train: 1.61s
  [Timing] Evaluation: 1.04s
[Query   30] Acc=0.9980  Loss(test MP=1.6246 MR=0.0326 avg=0.8286)  labeled=384426 (MP=1347, MR=383079)
  >> AUC snapshot at 30 queries: PR-AUC(trapz) = 0.2406; AP = 0.2418
  [Timing] random query selection: 0.35s
  [TrainWeights] class_balance=none mode=fixed target=10000 total=10000 MP=35.0379 MR=9964.96
/home/bgg7950/.local/lib/python3.10/site-packages/xgboost/training.py:200: UserWarning: [02:36:52] WARNING: /__w/xgboost/xgboost/src/learner.cc:782: 
Parameters: { "use_label_encoder" } are not used.

  bst.update(dtrain, iteration=i, fobj=obj)
  [Timing] Classifier train: 1.62s
  [Timing] Evaluation: 1.04s
[Query   45] Acc=0.9980  Loss(test MP=1.6317 MR=0.0327 avg=0.8322)  labeled=384441 (MP=1347, MR=383094)
  >> AUC snapshot at 45 queries: PR-AUC(trapz) = 0.2356; AP = 0.2369
  [Timing] random query selection: 0.35s
  [TrainWeights] class_balance=none mode=fixed target=10000 total=10000 MP=35.0365 MR=9964.96
/home/bgg7950/.local/lib/python3.10/site-packages/xgboost/training.py:200: UserWarning: [02:36:56] WARNING: /__w/xgboost/xgboost/src/learner.cc:782: 
Parameters: { "use_label_encoder" } are not used.

  bst.update(dtrain, iteration=i, fobj=obj)
  [Timing] Classifier train: 1.60s
  [Timing] Evaluation: 1.03s
[Query   60] Acc=0.9980  Loss(test MP=1.6407 MR=0.0332 avg=0.8370)  labeled=384456 (MP=1347, MR=383109)
  >> AUC snapshot at 60 queries: PR-AUC(trapz) = 0.2363; AP = 0.2376
  [Timing] random query selection: 0.36s
  [TrainWeights] class_balance=none mode=fixed target=10000 total=10000 MP=35.0352 MR=9964.96
/home/bgg7950/.local/lib/python3.10/site-packages/xgboost/training.py:200: UserWarning: [02:37:00] WARNING: /__w/xgboost/xgboost/src/learner.cc:782: 
Parameters: { "use_label_encoder" } are not used.

  bst.update(dtrain, iteration=i, fobj=obj)
  [Timing] Classifier train: 1.61s
  [Timing] Evaluation: 1.04s
[Query   75] Acc=0.9980  Loss(test MP=1.6170 MR=0.0328 avg=0.8249)  labeled=384471 (MP=1347, MR=383124)
  >> AUC snapshot at 75 queries: PR-AUC(trapz) = 0.2434; AP = 0.2446
  [Timing] random query selection: 0.35s
  [TrainWeights] class_balance=none mode=fixed target=10000 total=10000 MP=35.0338 MR=9964.97
/home/bgg7950/.local/lib/python3.10/site-packages/xgboost/training.py:200: UserWarning: [02:37:04] WARNING: /__w/xgboost/xgboost/src/learner.cc:782: 
Parameters: { "use_label_encoder" } are not used.

  bst.update(dtrain, iteration=i, fobj=obj)
  [Timing] Classifier train: 1.61s
  [Timing] Evaluation: 1.03s
[Query   90] Acc=0.9980  Loss(test MP=1.6443 MR=0.0326 avg=0.8385)  labeled=384486 (MP=1347, MR=383139)
  >> AUC snapshot at 90 queries: PR-AUC(trapz) = 0.2349; AP = 0.2362
  [Timing] random query selection: 0.35s
  [TrainWeights] class_balance=none mode=fixed target=10000 total=10000 MP=35.0324 MR=9964.97
/home/bgg7950/.local/lib/python3.10/site-packages/xgboost/training.py:200: UserWarning: [02:37:08] WARNING: /__w/xgboost/xgboost/src/learner.cc:782: 
Parameters: { "use_label_encoder" } are not used.

  bst.update(dtrain, iteration=i, fobj=obj)
  [Timing] Classifier train: 1.59s
  [Timing] Evaluation: 1.04s
[Query  105] Acc=0.9980  Loss(test MP=1.6404 MR=0.0331 avg=0.8367)  labeled=384501 (MP=1347, MR=383154)
  >> AUC snapshot at 105 queries: PR-AUC(trapz) = 0.2352; AP = 0.2365
  [Timing] random query selection: 0.36s
  [TrainWeights] class_balance=none mode=fixed target=10000 total=10000 MP=35.0311 MR=9964.97
/home/bgg7950/.local/lib/python3.10/site-packages/xgboost/training.py:200: UserWarning: [02:37:12] WARNING: /__w/xgboost/xgboost/src/learner.cc:782: 
Parameters: { "use_label_encoder" } are not used.

  bst.update(dtrain, iteration=i, fobj=obj)
  [Timing] Classifier train: 1.61s
  [Timing] Evaluation: 1.05s
[Query  120] Acc=0.9980  Loss(test MP=1.6406 MR=0.0330 avg=0.8368)  labeled=384516 (MP=1347, MR=383169)
  >> AUC snapshot at 120 queries: PR-AUC(trapz) = 0.2402; AP = 0.2415
  [Timing] random query selection: 0.35s
  [TrainWeights] class_balance=none mode=fixed target=10000 total=10000 MP=35.0297 MR=9964.97
/home/bgg7950/.local/lib/python3.10/site-packages/xgboost/training.py:200: UserWarning: [02:37:16] WARNING: /__w/xgboost/xgboost/src/learner.cc:782: 
Parameters: { "use_label_encoder" } are not used.

  bst.update(dtrain, iteration=i, fobj=obj)
  [Timing] Classifier train: 1.62s
  [Timing] Evaluation: 1.02s
[Query  135] Acc=0.9980  Loss(test MP=1.6530 MR=0.0325 avg=0.8427)  labeled=384531 (MP=1347, MR=383184)
  >> AUC snapshot at 135 queries: PR-AUC(trapz) = 0.2405; AP = 0.2418
  [Timing] random query selection: 0.35s
  [TrainWeights] class_balance=none mode=fixed target=10000 total=10000 MP=35.0283 MR=9964.97
/home/bgg7950/.local/lib/python3.10/site-packages/xgboost/training.py:200: UserWarning: [02:37:19] WARNING: /__w/xgboost/xgboost/src/learner.cc:782: 
Parameters: { "use_label_encoder" } are not used.

  bst.update(dtrain, iteration=i, fobj=obj)
  [Timing] Classifier train: 1.61s
  [Timing] Evaluation: 1.04s
[Query  150] Acc=0.9980  Loss(test MP=1.6430 MR=0.0328 avg=0.8379)  labeled=384546 (MP=1347, MR=383199)
  >> AUC snapshot at 150 queries: PR-AUC(trapz) = 0.2429; AP = 0.2441

============================================================
Trial 3 / 5  (seed=44)
============================================================
  [TrainWeights] class_balance=none mode=fixed target=10000 total=10000 MP=35.042 MR=9964.96
/home/bgg7950/.local/lib/python3.10/site-packages/xgboost/training.py:200: UserWarning: [02:37:23] WARNING: /__w/xgboost/xgboost/src/learner.cc:782: 
Parameters: { "use_label_encoder" } are not used.

  bst.update(dtrain, iteration=i, fobj=obj)
  [Timing] Classifier train: 1.61s
  [Timing] Evaluation: 1.04s
[Query    0] Acc=0.9981  Loss(test MP=1.6333 MR=0.0330 avg=0.8331)  labeled=384396 (MP=1347, MR=383049)
  >> AUC snapshot at 0 queries: PR-AUC(trapz) = 0.2474; AP = 0.2487
  [Timing] random query selection: 0.36s
  [TrainWeights] class_balance=none mode=fixed target=10000 total=10000 MP=35.0406 MR=9964.96
/home/bgg7950/.local/lib/python3.10/site-packages/xgboost/training.py:200: UserWarning: [02:37:27] WARNING: /__w/xgboost/xgboost/src/learner.cc:782: 
Parameters: { "use_label_encoder" } are not used.

  bst.update(dtrain, iteration=i, fobj=obj)
  [Timing] Classifier train: 1.61s
  [Timing] Evaluation: 1.02s
[Query   15] Acc=0.9980  Loss(test MP=1.6458 MR=0.0331 avg=0.8395)  labeled=384411 (MP=1347, MR=383064)
  >> AUC snapshot at 15 queries: PR-AUC(trapz) = 0.2405; AP = 0.2417
  [Timing] random query selection: 0.35s
  [TrainWeights] class_balance=none mode=fixed target=10000 total=10000 MP=35.0393 MR=9964.96
/home/bgg7950/.local/lib/python3.10/site-packages/xgboost/training.py:200: UserWarning: [02:37:31] WARNING: /__w/xgboost/xgboost/src/learner.cc:782: 
Parameters: { "use_label_encoder" } are not used.

  bst.update(dtrain, iteration=i, fobj=obj)
  [Timing] Classifier train: 1.62s
  [Timing] Evaluation: 1.04s
[Query   30] Acc=0.9980  Loss(test MP=1.6435 MR=0.0338 avg=0.8386)  labeled=384426 (MP=1347, MR=383079)
  >> AUC snapshot at 30 queries: PR-AUC(trapz) = 0.2400; AP = 0.2412
  [Timing] random query selection: 0.36s
  [TrainWeights] class_balance=none mode=fixed target=10000 total=10000 MP=35.0379 MR=9964.96
/home/bgg7950/.local/lib/python3.10/site-packages/xgboost/training.py:200: UserWarning: [02:37:35] WARNING: /__w/xgboost/xgboost/src/learner.cc:782: 
Parameters: { "use_label_encoder" } are not used.

  bst.update(dtrain, iteration=i, fobj=obj)
  [Timing] Classifier train: 1.60s
  [Timing] Evaluation: 1.03s
[Query   45] Acc=0.9980  Loss(test MP=1.6397 MR=0.0330 avg=0.8364)  labeled=384441 (MP=1347, MR=383094)
  >> AUC snapshot at 45 queries: PR-AUC(trapz) = 0.2423; AP = 0.2436
  [Timing] random query selection: 0.35s
  [TrainWeights] class_balance=none mode=fixed target=10000 total=10000 MP=35.0365 MR=9964.96
/home/bgg7950/.local/lib/python3.10/site-packages/xgboost/training.py:200: UserWarning: [02:37:39] WARNING: /__w/xgboost/xgboost/src/learner.cc:782: 
Parameters: { "use_label_encoder" } are not used.

  bst.update(dtrain, iteration=i, fobj=obj)
  [Timing] Classifier train: 1.62s
  [Timing] Evaluation: 1.04s
[Query   60] Acc=0.9981  Loss(test MP=1.6276 MR=0.0331 avg=0.8304)  labeled=384456 (MP=1347, MR=383109)
  >> AUC snapshot at 60 queries: PR-AUC(trapz) = 0.2485; AP = 0.2497
  [Timing] random query selection: 0.35s
  [TrainWeights] class_balance=none mode=fixed target=10000 total=10000 MP=35.0352 MR=9964.96
/home/bgg7950/.local/lib/python3.10/site-packages/xgboost/training.py:200: UserWarning: [02:37:43] WARNING: /__w/xgboost/xgboost/src/learner.cc:782: 
Parameters: { "use_label_encoder" } are not used.

  bst.update(dtrain, iteration=i, fobj=obj)
  [Timing] Classifier train: 1.62s
  [Timing] Evaluation: 1.04s
[Query   75] Acc=0.9980  Loss(test MP=1.6325 MR=0.0330 avg=0.8327)  labeled=384471 (MP=1347, MR=383124)
  >> AUC snapshot at 75 queries: PR-AUC(trapz) = 0.2404; AP = 0.2416
  [Timing] random query selection: 0.36s
  [TrainWeights] class_balance=none mode=fixed target=10000 total=10000 MP=35.0338 MR=9964.97
/home/bgg7950/.local/lib/python3.10/site-packages/xgboost/training.py:200: UserWarning: [02:37:46] WARNING: /__w/xgboost/xgboost/src/learner.cc:782: 
Parameters: { "use_label_encoder" } are not used.

  bst.update(dtrain, iteration=i, fobj=obj)
  [Timing] Classifier train: 1.59s
  [Timing] Evaluation: 1.04s
[Query   90] Acc=0.9980  Loss(test MP=1.6344 MR=0.0323 avg=0.8334)  labeled=384486 (MP=1347, MR=383139)
  >> AUC snapshot at 90 queries: PR-AUC(trapz) = 0.2476; AP = 0.2488
  [Timing] random query selection: 0.35s
  [TrainWeights] class_balance=none mode=fixed target=10000 total=10000 MP=35.0324 MR=9964.97
/home/bgg7950/.local/lib/python3.10/site-packages/xgboost/training.py:200: UserWarning: [02:37:50] WARNING: /__w/xgboost/xgboost/src/learner.cc:782: 
Parameters: { "use_label_encoder" } are not used.

  bst.update(dtrain, iteration=i, fobj=obj)
  [Timing] Classifier train: 1.63s
  [Timing] Evaluation: 1.03s
[Query  105] Acc=0.9980  Loss(test MP=1.6437 MR=0.0322 avg=0.8379)  labeled=384501 (MP=1347, MR=383154)
  >> AUC snapshot at 105 queries: PR-AUC(trapz) = 0.2463; AP = 0.2475
  [Timing] random query selection: 0.35s
  [TrainWeights] class_balance=none mode=fixed target=10000 total=10000 MP=35.0311 MR=9964.97
/home/bgg7950/.local/lib/python3.10/site-packages/xgboost/training.py:200: UserWarning: [02:37:54] WARNING: /__w/xgboost/xgboost/src/learner.cc:782: 
Parameters: { "use_label_encoder" } are not used.

  bst.update(dtrain, iteration=i, fobj=obj)
  [Timing] Classifier train: 1.62s
  [Timing] Evaluation: 1.04s
[Query  120] Acc=0.9980  Loss(test MP=1.6458 MR=0.0327 avg=0.8392)  labeled=384516 (MP=1347, MR=383169)
  >> AUC snapshot at 120 queries: PR-AUC(trapz) = 0.2444; AP = 0.2457
  [Timing] random query selection: 0.36s
  [TrainWeights] class_balance=none mode=fixed target=10000 total=10000 MP=35.0297 MR=9964.97
/home/bgg7950/.local/lib/python3.10/site-packages/xgboost/training.py:200: UserWarning: [02:37:58] WARNING: /__w/xgboost/xgboost/src/learner.cc:782: 
Parameters: { "use_label_encoder" } are not used.

  bst.update(dtrain, iteration=i, fobj=obj)
  [Timing] Classifier train: 1.60s
  [Timing] Evaluation: 1.04s
[Query  135] Acc=0.9980  Loss(test MP=1.6502 MR=0.0335 avg=0.8418)  labeled=384531 (MP=1347, MR=383184)
  >> AUC snapshot at 135 queries: PR-AUC(trapz) = 0.2382; AP = 0.2394
  [Timing] random query selection: 0.35s
  [TrainWeights] class_balance=none mode=fixed target=10000 total=10000 MP=35.0283 MR=9964.97
/home/bgg7950/.local/lib/python3.10/site-packages/xgboost/training.py:200: UserWarning: [02:38:02] WARNING: /__w/xgboost/xgboost/src/learner.cc:782: 
Parameters: { "use_label_encoder" } are not used.

  bst.update(dtrain, iteration=i, fobj=obj)
  [Timing] Classifier train: 1.62s
  [Timing] Evaluation: 1.03s
[Query  150] Acc=0.9980  Loss(test MP=1.6255 MR=0.0340 avg=0.8297)  labeled=384546 (MP=1347, MR=383199)
  >> AUC snapshot at 150 queries: PR-AUC(trapz) = 0.2427; AP = 0.2440

============================================================
Trial 4 / 5  (seed=45)
============================================================
  [TrainWeights] class_balance=none mode=fixed target=10000 total=10000 MP=35.042 MR=9964.96
/home/bgg7950/.local/lib/python3.10/site-packages/xgboost/training.py:200: UserWarning: [02:38:06] WARNING: /__w/xgboost/xgboost/src/learner.cc:782: 
Parameters: { "use_label_encoder" } are not used.

  bst.update(dtrain, iteration=i, fobj=obj)
  [Timing] Classifier train: 1.61s
  [Timing] Evaluation: 1.05s
[Query    0] Acc=0.9980  Loss(test MP=1.6394 MR=0.0335 avg=0.8365)  labeled=384396 (MP=1347, MR=383049)
  >> AUC snapshot at 0 queries: PR-AUC(trapz) = 0.2410; AP = 0.2423
  [Timing] random query selection: 0.36s
  [TrainWeights] class_balance=none mode=fixed target=10000 total=10000 MP=35.0406 MR=9964.96
/home/bgg7950/.local/lib/python3.10/site-packages/xgboost/training.py:200: UserWarning: [02:38:10] WARNING: /__w/xgboost/xgboost/src/learner.cc:782: 
Parameters: { "use_label_encoder" } are not used.

  bst.update(dtrain, iteration=i, fobj=obj)
  [Timing] Classifier train: 1.61s
  [Timing] Evaluation: 1.03s
[Query   15] Acc=0.9980  Loss(test MP=1.6492 MR=0.0335 avg=0.8413)  labeled=384411 (MP=1347, MR=383064)
  >> AUC snapshot at 15 queries: PR-AUC(trapz) = 0.2359; AP = 0.2372
  [Timing] random query selection: 0.35s
  [TrainWeights] class_balance=none mode=fixed target=10000 total=10000 MP=35.0393 MR=9964.96
/home/bgg7950/.local/lib/python3.10/site-packages/xgboost/training.py:200: UserWarning: [02:38:13] WARNING: /__w/xgboost/xgboost/src/learner.cc:782: 
Parameters: { "use_label_encoder" } are not used.

  bst.update(dtrain, iteration=i, fobj=obj)
  [Timing] Classifier train: 1.62s
  [Timing] Evaluation: 1.04s
[Query   30] Acc=0.9980  Loss(test MP=1.6435 MR=0.0340 avg=0.8388)  labeled=384426 (MP=1347, MR=383079)
  >> AUC snapshot at 30 queries: PR-AUC(trapz) = 0.2342; AP = 0.2355
  [Timing] random query selection: 0.35s
  [TrainWeights] class_balance=none mode=fixed target=10000 total=10000 MP=35.0379 MR=9964.96
/home/bgg7950/.local/lib/python3.10/site-packages/xgboost/training.py:200: UserWarning: [02:38:17] WARNING: /__w/xgboost/xgboost/src/learner.cc:782: 
Parameters: { "use_label_encoder" } are not used.

  bst.update(dtrain, iteration=i, fobj=obj)
  [Timing] Classifier train: 1.61s
  [Timing] Evaluation: 1.04s
[Query   45] Acc=0.9980  Loss(test MP=1.6404 MR=0.0334 avg=0.8369)  labeled=384441 (MP=1347, MR=383094)
  >> AUC snapshot at 45 queries: PR-AUC(trapz) = 0.2402; AP = 0.2414
  [Timing] random query selection: 0.35s
  [TrainWeights] class_balance=none mode=fixed target=10000 total=10000 MP=35.0365 MR=9964.96
/home/bgg7950/.local/lib/python3.10/site-packages/xgboost/training.py:200: UserWarning: [02:38:21] WARNING: /__w/xgboost/xgboost/src/learner.cc:782: 
Parameters: { "use_label_encoder" } are not used.

  bst.update(dtrain, iteration=i, fobj=obj)
  [Timing] Classifier train: 1.61s
  [Timing] Evaluation: 1.05s
[Query   60] Acc=0.9981  Loss(test MP=1.6707 MR=0.0320 avg=0.8514)  labeled=384456 (MP=1347, MR=383109)
  >> AUC snapshot at 60 queries: PR-AUC(trapz) = 0.2454; AP = 0.2466
  [Timing] random query selection: 0.35s
  [TrainWeights] class_balance=none mode=fixed target=10000 total=10000 MP=35.0352 MR=9964.96
/home/bgg7950/.local/lib/python3.10/site-packages/xgboost/training.py:200: UserWarning: [02:38:25] WARNING: /__w/xgboost/xgboost/src/learner.cc:782: 
Parameters: { "use_label_encoder" } are not used.

  bst.update(dtrain, iteration=i, fobj=obj)
  [Timing] Classifier train: 1.62s
  [Timing] Evaluation: 1.04s
[Query   75] Acc=0.9980  Loss(test MP=1.6497 MR=0.0331 avg=0.8414)  labeled=384471 (MP=1347, MR=383124)
  >> AUC snapshot at 75 queries: PR-AUC(trapz) = 0.2395; AP = 0.2407
  [Timing] random query selection: 0.35s
  [TrainWeights] class_balance=none mode=fixed target=10000 total=10000 MP=35.0338 MR=9964.97
/home/bgg7950/.local/lib/python3.10/site-packages/xgboost/training.py:200: UserWarning: [02:38:29] WARNING: /__w/xgboost/xgboost/src/learner.cc:782: 
Parameters: { "use_label_encoder" } are not used.

  bst.update(dtrain, iteration=i, fobj=obj)
  [Timing] Classifier train: 1.62s
  [Timing] Evaluation: 1.04s
[Query   90] Acc=0.9980  Loss(test MP=1.6506 MR=0.0330 avg=0.8418)  labeled=384486 (MP=1347, MR=383139)
  >> AUC snapshot at 90 queries: PR-AUC(trapz) = 0.2395; AP = 0.2407
  [Timing] random query selection: 0.35s
  [TrainWeights] class_balance=none mode=fixed target=10000 total=10000 MP=35.0324 MR=9964.97
/home/bgg7950/.local/lib/python3.10/site-packages/xgboost/training.py:200: UserWarning: [02:38:33] WARNING: /__w/xgboost/xgboost/src/learner.cc:782: 
Parameters: { "use_label_encoder" } are not used.

  bst.update(dtrain, iteration=i, fobj=obj)
  [Timing] Classifier train: 1.62s
  [Timing] Evaluation: 1.04s
[Query  105] Acc=0.9981  Loss(test MP=1.6647 MR=0.0301 avg=0.8474)  labeled=384501 (MP=1347, MR=383154)
  >> AUC snapshot at 105 queries: PR-AUC(trapz) = 0.2581; AP = 0.2593
  [Timing] random query selection: 0.35s
  [TrainWeights] class_balance=none mode=fixed target=10000 total=10000 MP=35.0311 MR=9964.97
/home/bgg7950/.local/lib/python3.10/site-packages/xgboost/training.py:200: UserWarning: [02:38:37] WARNING: /__w/xgboost/xgboost/src/learner.cc:782: 
Parameters: { "use_label_encoder" } are not used.

  bst.update(dtrain, iteration=i, fobj=obj)
  [Timing] Classifier train: 1.61s
  [Timing] Evaluation: 1.05s
[Query  120] Acc=0.9981  Loss(test MP=1.6749 MR=0.0301 avg=0.8525)  labeled=384516 (MP=1347, MR=383169)
  >> AUC snapshot at 120 queries: PR-AUC(trapz) = 0.2551; AP = 0.2563
  [Timing] random query selection: 0.36s
  [TrainWeights] class_balance=none mode=fixed target=10000 total=10000 MP=35.0297 MR=9964.97
/home/bgg7950/.local/lib/python3.10/site-packages/xgboost/training.py:200: UserWarning: [02:38:41] WARNING: /__w/xgboost/xgboost/src/learner.cc:782: 
Parameters: { "use_label_encoder" } are not used.

  bst.update(dtrain, iteration=i, fobj=obj)
  [Timing] Classifier train: 1.62s
  [Timing] Evaluation: 1.03s
[Query  135] Acc=0.9981  Loss(test MP=1.6526 MR=0.0320 avg=0.8423)  labeled=384531 (MP=1347, MR=383184)
  >> AUC snapshot at 135 queries: PR-AUC(trapz) = 0.2480; AP = 0.2493
  [Timing] random query selection: 0.37s
  [TrainWeights] class_balance=none mode=fixed target=10000 total=10000 MP=35.0283 MR=9964.97
/home/bgg7950/.local/lib/python3.10/site-packages/xgboost/training.py:200: UserWarning: [02:38:45] WARNING: /__w/xgboost/xgboost/src/learner.cc:782: 
Parameters: { "use_label_encoder" } are not used.

  bst.update(dtrain, iteration=i, fobj=obj)
  [Timing] Classifier train: 1.62s
  [Timing] Evaluation: 1.02s
[Query  150] Acc=0.9980  Loss(test MP=1.6375 MR=0.0331 avg=0.8353)  labeled=384546 (MP=1347, MR=383199)
  >> AUC snapshot at 150 queries: PR-AUC(trapz) = 0.2415; AP = 0.2427

============================================================
Trial 5 / 5  (seed=46)
============================================================
  [TrainWeights] class_balance=none mode=fixed target=10000 total=10000 MP=35.042 MR=9964.96
/home/bgg7950/.local/lib/python3.10/site-packages/xgboost/training.py:200: UserWarning: [02:38:48] WARNING: /__w/xgboost/xgboost/src/learner.cc:782: 
Parameters: { "use_label_encoder" } are not used.

  bst.update(dtrain, iteration=i, fobj=obj)
  [Timing] Classifier train: 1.62s
  [Timing] Evaluation: 1.03s
[Query    0] Acc=0.9981  Loss(test MP=1.6378 MR=0.0332 avg=0.8355)  labeled=384396 (MP=1347, MR=383049)
  >> AUC snapshot at 0 queries: PR-AUC(trapz) = 0.2427; AP = 0.2440
  [Timing] random query selection: 0.36s
  [TrainWeights] class_balance=none mode=fixed target=10000 total=10000 MP=35.0406 MR=9964.96
/home/bgg7950/.local/lib/python3.10/site-packages/xgboost/training.py:200: UserWarning: [02:38:52] WARNING: /__w/xgboost/xgboost/src/learner.cc:782: 
Parameters: { "use_label_encoder" } are not used.

  bst.update(dtrain, iteration=i, fobj=obj)
  [Timing] Classifier train: 1.60s
  [Timing] Evaluation: 1.04s
[Query   15] Acc=0.9980  Loss(test MP=1.6437 MR=0.0342 avg=0.8389)  labeled=384411 (MP=1347, MR=383064)
  >> AUC snapshot at 15 queries: PR-AUC(trapz) = 0.2356; AP = 0.2368
  [Timing] random query selection: 0.35s
  [TrainWeights] class_balance=none mode=fixed target=10000 total=10000 MP=35.0393 MR=9964.96
/home/bgg7950/.local/lib/python3.10/site-packages/xgboost/training.py:200: UserWarning: [02:38:56] WARNING: /__w/xgboost/xgboost/src/learner.cc:782: 
Parameters: { "use_label_encoder" } are not used.

  bst.update(dtrain, iteration=i, fobj=obj)
  [Timing] Classifier train: 1.63s
  [Timing] Evaluation: 1.03s
[Query   30] Acc=0.9980  Loss(test MP=1.6631 MR=0.0341 avg=0.8486)  labeled=384426 (MP=1347, MR=383079)
  >> AUC snapshot at 30 queries: PR-AUC(trapz) = 0.2312; AP = 0.2325
  [Timing] random query selection: 0.35s
  [TrainWeights] class_balance=none mode=fixed target=10000 total=10000 MP=35.0379 MR=9964.96
/home/bgg7950/.local/lib/python3.10/site-packages/xgboost/training.py:200: UserWarning: [02:39:00] WARNING: /__w/xgboost/xgboost/src/learner.cc:782: 
Parameters: { "use_label_encoder" } are not used.

  bst.update(dtrain, iteration=i, fobj=obj)
  [Timing] Classifier train: 1.61s
  [Timing] Evaluation: 1.03s
[Query   45] Acc=0.9980  Loss(test MP=1.6635 MR=0.0332 avg=0.8483)  labeled=384441 (MP=1347, MR=383094)
  >> AUC snapshot at 45 queries: PR-AUC(trapz) = 0.2317; AP = 0.2330
  [Timing] random query selection: 0.35s
  [TrainWeights] class_balance=none mode=fixed target=10000 total=10000 MP=35.0365 MR=9964.96
/home/bgg7950/.local/lib/python3.10/site-packages/xgboost/training.py:200: UserWarning: [02:39:04] WARNING: /__w/xgboost/xgboost/src/learner.cc:782: 
Parameters: { "use_label_encoder" } are not used.

  bst.update(dtrain, iteration=i, fobj=obj)
  [Timing] Classifier train: 1.62s
  [Timing] Evaluation: 1.04s
[Query   60] Acc=0.9982  Loss(test MP=1.6963 MR=0.0302 avg=0.8632)  labeled=384456 (MP=1347, MR=383109)
  >> AUC snapshot at 60 queries: PR-AUC(trapz) = 0.2523; AP = 0.2536
  [Timing] random query selection: 0.35s
  [TrainWeights] class_balance=none mode=fixed target=10000 total=10000 MP=35.0352 MR=9964.96
/home/bgg7950/.local/lib/python3.10/site-packages/xgboost/training.py:200: UserWarning: [02:39:08] WARNING: /__w/xgboost/xgboost/src/learner.cc:782: 
Parameters: { "use_label_encoder" } are not used.

  bst.update(dtrain, iteration=i, fobj=obj)
  [Timing] Classifier train: 1.62s
  [Timing] Evaluation: 1.04s
[Query   75] Acc=0.9980  Loss(test MP=1.6667 MR=0.0331 avg=0.8499)  labeled=384471 (MP=1347, MR=383124)
  >> AUC snapshot at 75 queries: PR-AUC(trapz) = 0.2401; AP = 0.2414
  [Timing] random query selection: 0.35s
  [TrainWeights] class_balance=none mode=fixed target=10000 total=10000 MP=35.0338 MR=9964.97
/home/bgg7950/.local/lib/python3.10/site-packages/xgboost/training.py:200: UserWarning: [02:39:12] WARNING: /__w/xgboost/xgboost/src/learner.cc:782: 
Parameters: { "use_label_encoder" } are not used.

  bst.update(dtrain, iteration=i, fobj=obj)
  [Timing] Classifier train: 1.62s
  [Timing] Evaluation: 1.03s
[Query   90] Acc=0.9980  Loss(test MP=1.6630 MR=0.0329 avg=0.8479)  labeled=384486 (MP=1347, MR=383139)
  >> AUC snapshot at 90 queries: PR-AUC(trapz) = 0.2408; AP = 0.2420
  [Timing] random query selection: 0.35s
  [TrainWeights] class_balance=none mode=fixed target=10000 total=10000 MP=35.0324 MR=9964.97
/home/bgg7950/.local/lib/python3.10/site-packages/xgboost/training.py:200: UserWarning: [02:39:16] WARNING: /__w/xgboost/xgboost/src/learner.cc:782: 
Parameters: { "use_label_encoder" } are not used.

  bst.update(dtrain, iteration=i, fobj=obj)
  [Timing] Classifier train: 1.60s
  [Timing] Evaluation: 1.03s
[Query  105] Acc=0.9980  Loss(test MP=1.6589 MR=0.0325 avg=0.8457)  labeled=384501 (MP=1347, MR=383154)
  >> AUC snapshot at 105 queries: PR-AUC(trapz) = 0.2399; AP = 0.2412
  [Timing] random query selection: 0.35s
  [TrainWeights] class_balance=none mode=fixed target=10000 total=10000 MP=35.0311 MR=9964.97
/home/bgg7950/.local/lib/python3.10/site-packages/xgboost/training.py:200: UserWarning: [02:39:19] WARNING: /__w/xgboost/xgboost/src/learner.cc:782: 
Parameters: { "use_label_encoder" } are not used.

  bst.update(dtrain, iteration=i, fobj=obj)
  [Timing] Classifier train: 1.65s
  [Timing] Evaluation: 1.04s
[Query  120] Acc=0.9982  Loss(test MP=1.7069 MR=0.0295 avg=0.8682)  labeled=384516 (MP=1347, MR=383169)
  >> AUC snapshot at 120 queries: PR-AUC(trapz) = 0.2560; AP = 0.2572
  [Timing] random query selection: 0.35s
  [TrainWeights] class_balance=none mode=fixed target=10000 total=10000 MP=35.0297 MR=9964.97
/home/bgg7950/.local/lib/python3.10/site-packages/xgboost/training.py:200: UserWarning: [02:39:23] WARNING: /__w/xgboost/xgboost/src/learner.cc:782: 
Parameters: { "use_label_encoder" } are not used.

  bst.update(dtrain, iteration=i, fobj=obj)
  [Timing] Classifier train: 1.63s
  [Timing] Evaluation: 1.05s
[Query  135] Acc=0.9980  Loss(test MP=1.6604 MR=0.0327 avg=0.8465)  labeled=384531 (MP=1347, MR=383184)
  >> AUC snapshot at 135 queries: PR-AUC(trapz) = 0.2386; AP = 0.2399
  [Timing] random query selection: 0.36s
  [TrainWeights] class_balance=none mode=fixed target=10000 total=10000 MP=35.0283 MR=9964.97
/home/bgg7950/.local/lib/python3.10/site-packages/xgboost/training.py:200: UserWarning: [02:39:27] WARNING: /__w/xgboost/xgboost/src/learner.cc:782: 
Parameters: { "use_label_encoder" } are not used.

  bst.update(dtrain, iteration=i, fobj=obj)
  [Timing] Classifier train: 1.63s
  [Timing] Evaluation: 1.04s
[Query  150] Acc=0.9982  Loss(test MP=1.7030 MR=0.0293 avg=0.8661)  labeled=384546 (MP=1347, MR=383199)
  >> AUC snapshot at 150 queries: PR-AUC(trapz) = 0.2574; AP = 0.2587

Total runtime (5 trial(s)): 238.1s
Saved AUC trials plot to xgb_wasserstein_l2_noclassbalance_fixed10k_fullheldout_reweightfull_150q_5seeds_eval15/al_xgb_random_none_150_lambda_inf/auc_trials.png
Saved average-precision trials plot to xgb_wasserstein_l2_noclassbalance_fixed10k_fullheldout_reweightfull_150q_5seeds_eval15/al_xgb_random_none_150_lambda_inf/average_precision_trials.png
/home/bgg7950/astro-active-learning/active_learning.py:2876: RuntimeWarning: invalid value encountered in divide
  fractions = counts / queries_arr[np.newaxis, :]
/home/bgg7950/astro-active-learning/active_learning.py:2878: RuntimeWarning: Mean of empty slice
  mean_frac = np.nanmean(fractions, axis=0)
/home/bgg7950/.local/lib/python3.10/site-packages/numpy/lib/nanfunctions.py:1879: RuntimeWarning: Degrees of freedom <= 0 for slice.
  var = nanvar(a, axis=axis, dtype=dtype, out=out, ddof=ddof,
Saved MP fraction trials plot to xgb_wasserstein_l2_noclassbalance_fixed10k_fullheldout_reweightfull_150q_5seeds_eval15/al_xgb_random_none_150_lambda_inf/mp_fraction_trials.png
Saved MP test loss trials plot to xgb_wasserstein_l2_noclassbalance_fixed10k_fullheldout_reweightfull_150q_5seeds_eval15/al_xgb_random_none_150_lambda_inf/test_loss_MP_trials.png
Saved MR test loss trials plot to xgb_wasserstein_l2_noclassbalance_fixed10k_fullheldout_reweightfull_150q_5seeds_eval15/al_xgb_random_none_150_lambda_inf/test_loss_MR_trials.png
Saved weight-stat trials plot to xgb_wasserstein_l2_noclassbalance_fixed10k_fullheldout_reweightfull_150q_5seeds_eval15/al_xgb_random_none_150_lambda_inf/weight_l2_norm_trials.png
Saved weight-stat trials plot to xgb_wasserstein_l2_noclassbalance_fixed10k_fullheldout_reweightfull_150q_5seeds_eval15/al_xgb_random_none_150_lambda_inf/weight_l2_sq_trials.png
Saved weight-stat trials plot to xgb_wasserstein_l2_noclassbalance_fixed10k_fullheldout_reweightfull_150q_5seeds_eval15/al_xgb_random_none_150_lambda_inf/weight_effective_sample_size_trials.png

All outputs saved to xgb_wasserstein_l2_noclassbalance_fixed10k_fullheldout_reweightfull_150q_5seeds_eval15/al_xgb_random_none_150_lambda_inf/

============================================================
  Generating matched no-class-balancing comparison plots
============================================================

Experiment                          n_trials Final Average Precision Mean Final Average Precision Std
--------------------------------------------------------------------------
Wass hard lambda=0                         5         0.2233        0.0053
Wass-L2 lambda=10                          5         0.2561        0.0038
Wass-L2 lambda=100                         5         0.2823        0.0067
Wass-L2 lambda=1000                        5         0.2811        0.0039
Wass-L2 lambda=10000                       5         0.2800        0.0095
Wass query lambda=0 + no reweight          5         0.2464        0.0038
kmedian++ L2 lambda=100                    5         0.2968        0.0056
random + no reweight                       5         0.2486        0.0064

✓ Comparison plot saved to: xgb_wasserstein_l2_noclassbalance_fixed10k_fullheldout_reweightfull_150q_5seeds_eval15/xgb_noclassbalance_matched_baselines_average_precision.png

Experiment                          n_trials Final MP Count      Std
--------------------------------------------------------------------
Wass hard lambda=0                         5           0.00     0.00
Wass-L2 lambda=10                          5           0.00     0.00
Wass-L2 lambda=100                         5           0.20     0.40
Wass-L2 lambda=1000                        5           0.00     0.00
Wass-L2 lambda=10000                       5           0.00     0.00
Wass query lambda=0 + no reweight          5           0.00     0.00
kmedian++ L2 lambda=100                    5           0.00     0.00
random + no reweight                       5           0.00     0.00

✓ MP count plot saved to: xgb_wasserstein_l2_noclassbalance_fixed10k_fullheldout_reweightfull_150q_5seeds_eval15/xgb_noclassbalance_matched_baselines_average_precision_mp_count.png

Experiment                          n_trials Final PR-AUC (trapz) Mean Final PR-AUC (trapz) Std
--------------------------------------------------------------------------
Wass hard lambda=0                         5         0.2218        0.0053
Wass-L2 lambda=10                          5         0.2547        0.0035
Wass-L2 lambda=100                         5         0.2809        0.0067
Wass-L2 lambda=1000                        5         0.2797        0.0039
Wass-L2 lambda=10000                       5         0.2786        0.0096
Wass query lambda=0 + no reweight          5         0.2447        0.0040
kmedian++ L2 lambda=100                    5         0.2955        0.0056
random + no reweight                       5         0.2473        0.0064

✓ Comparison plot saved to: xgb_wasserstein_l2_noclassbalance_fixed10k_fullheldout_reweightfull_150q_5seeds_eval15/xgb_noclassbalance_matched_baselines_pr_auc_trapz.png

Experiment                          n_trials Final MP Count      Std
--------------------------------------------------------------------
Wass hard lambda=0                         5           0.00     0.00
Wass-L2 lambda=10                          5           0.00     0.00
Wass-L2 lambda=100                         5           0.20     0.40
Wass-L2 lambda=1000                        5           0.00     0.00
Wass-L2 lambda=10000                       5           0.00     0.00
Wass query lambda=0 + no reweight          5           0.00     0.00
kmedian++ L2 lambda=100                    5           0.00     0.00
random + no reweight                       5           0.00     0.00

✓ MP count plot saved to: xgb_wasserstein_l2_noclassbalance_fixed10k_fullheldout_reweightfull_150q_5seeds_eval15/xgb_noclassbalance_matched_baselines_pr_auc_trapz_mp_count.png

Matched no-class-balancing baselines completed.
